DATE,TAG,POSTS
"2008-07-01 00:00:00","c#","3"
"2008-08-01 00:00:00","assembly","8"
"2008-08-01 00:00:00","c","83"
"2008-08-01 00:00:00","c#","504"
"2008-08-01 00:00:00","c++","164"
"2008-08-01 00:00:00","delphi","14"
"2008-08-01 00:00:00","java","222"
"2008-08-01 00:00:00","javascript","163"
"2008-08-01 00:00:00","perl","28"
"2008-08-01 00:00:00","php","157"
"2008-08-01 00:00:00","python","119"
"2008-08-01 00:00:00","ruby","70"
"2008-09-01 00:00:00","assembly","28"
"2008-09-01 00:00:00","c","320"
"2008-09-01 00:00:00","c#","1639"
"2008-09-01 00:00:00","c++","755"
"2008-09-01 00:00:00","delphi","104"
"2008-09-01 00:00:00","java","1129"
"2008-09-01 00:00:00","javascript","634"
"2008-09-01 00:00:00","perl","130"
"2008-09-01 00:00:00","php","475"
"2008-09-01 00:00:00","python","537"
"2008-09-01 00:00:00","r","6"
"2008-09-01 00:00:00","ruby","286"
"2008-10-01 00:00:00","assembly","16"
"2008-10-01 00:00:00","c","303"
"2008-10-01 00:00:00","c#","1987"
"2008-10-01 00:00:00","c++","807"
"2008-10-01 00:00:00","delphi","112"
"2008-10-01 00:00:00","java","1149"
"2008-10-01 00:00:00","javascript","722"
"2008-10-01 00:00:00","perl","128"
"2008-10-01 00:00:00","php","608"
"2008-10-01 00:00:00","python","506"
"2008-10-01 00:00:00","ruby","247"
"2008-11-01 00:00:00","assembly","16"
"2008-11-01 00:00:00","c","258"
"2008-11-01 00:00:00","c#","1730"
"2008-11-01 00:00:00","c++","734"
"2008-11-01 00:00:00","delphi","140"
"2008-11-01 00:00:00","java","954"
"2008-11-01 00:00:00","javascript","580"
"2008-11-01 00:00:00","perl","97"
"2008-11-01 00:00:00","php","499"
"2008-11-01 00:00:00","python","448"
"2008-11-01 00:00:00","r","1"
"2008-11-01 00:00:00","ruby","157"
"2008-12-01 00:00:00","assembly","17"
"2008-12-01 00:00:00","c","188"
"2008-12-01 00:00:00","c#","1594"
"2008-12-01 00:00:00","c++","630"
"2008-12-01 00:00:00","delphi","134"
"2008-12-01 00:00:00","java","825"
"2008-12-01 00:00:00","javascript","625"
"2008-12-01 00:00:00","perl","133"
"2008-12-01 00:00:00","php","477"
"2008-12-01 00:00:00","python","437"
"2008-12-01 00:00:00","r","1"
"2008-12-01 00:00:00","ruby","159"
"2009-01-01 00:00:00","assembly","22"
"2009-01-01 00:00:00","c","318"
"2009-01-01 00:00:00","c#","2374"
"2009-01-01 00:00:00","c++","848"
"2009-01-01 00:00:00","delphi","164"
"2009-01-01 00:00:00","java","1147"
"2009-01-01 00:00:00","javascript","790"
"2009-01-01 00:00:00","perl","146"
"2009-01-01 00:00:00","php","629"
"2009-01-01 00:00:00","python","631"
"2009-01-01 00:00:00","r","8"
"2009-01-01 00:00:00","ruby","205"
"2009-01-01 00:00:00","swift","1"
"2009-02-01 00:00:00","assembly","36"
"2009-02-01 00:00:00","c","331"
"2009-02-01 00:00:00","c#","2597"
"2009-02-01 00:00:00","c++","841"
"2009-02-01 00:00:00","delphi","167"
"2009-02-01 00:00:00","java","1203"
"2009-02-01 00:00:00","javascript","945"
"2009-02-01 00:00:00","perl","163"
"2009-02-01 00:00:00","php","757"
"2009-02-01 00:00:00","python","630"
"2009-02-01 00:00:00","r","8"
"2009-02-01 00:00:00","ruby","286"
"2009-02-01 00:00:00","swift","1"
"2009-03-01 00:00:00","assembly","24"
"2009-03-01 00:00:00","c","430"
"2009-03-01 00:00:00","c#","3155"
"2009-03-01 00:00:00","c++","1047"
"2009-03-01 00:00:00","delphi","161"
"2009-03-01 00:00:00","java","1430"
"2009-03-01 00:00:00","javascript","1007"
"2009-03-01 00:00:00","perl","137"
"2009-03-01 00:00:00","php","895"
"2009-03-01 00:00:00","python","764"
"2009-03-01 00:00:00","r","4"
"2009-03-01 00:00:00","ruby","329"
"2009-03-01 00:00:00","swift","1"
"2009-04-01 00:00:00","assembly","50"
"2009-04-01 00:00:00","c","456"
"2009-04-01 00:00:00","c#","3303"
"2009-04-01 00:00:00","c++","1017"
"2009-04-01 00:00:00","delphi","185"
"2009-04-01 00:00:00","java","1529"
"2009-04-01 00:00:00","javascript","1047"
"2009-04-01 00:00:00","perl","161"
"2009-04-01 00:00:00","php","958"
"2009-04-01 00:00:00","python","770"
"2009-04-01 00:00:00","r","12"
"2009-04-01 00:00:00","ruby","358"
"2009-05-01 00:00:00","assembly","46"
"2009-05-01 00:00:00","c","481"
"2009-05-01 00:00:00","c#","3549"
"2009-05-01 00:00:00","c++","1214"
"2009-05-01 00:00:00","delphi","202"
"2009-05-01 00:00:00","java","1813"
"2009-05-01 00:00:00","javascript","1429"
"2009-05-01 00:00:00","perl","196"
"2009-05-01 00:00:00","php","1174"
"2009-05-01 00:00:00","python","995"
"2009-05-01 00:00:00","r","2"
"2009-05-01 00:00:00","ruby","401"
"2009-05-01 00:00:00","swift","2"
"2009-06-01 00:00:00","assembly","48"
"2009-06-01 00:00:00","c","498"
"2009-06-01 00:00:00","c#","3880"
"2009-06-01 00:00:00","c++","1250"
"2009-06-01 00:00:00","delphi","221"
"2009-06-01 00:00:00","java","2110"
"2009-06-01 00:00:00","javascript","1552"
"2009-06-01 00:00:00","perl","246"
"2009-06-01 00:00:00","php","1573"
"2009-06-01 00:00:00","python","1042"
"2009-06-01 00:00:00","r","5"
"2009-06-01 00:00:00","ruby","431"
"2009-06-01 00:00:00","swift","1"
"2009-07-01 00:00:00","assembly","32"
"2009-07-01 00:00:00","c","538"
"2009-07-01 00:00:00","c#","4402"
"2009-07-01 00:00:00","c++","1465"
"2009-07-01 00:00:00","delphi","269"
"2009-07-01 00:00:00","java","2253"
"2009-07-01 00:00:00","javascript","1752"
"2009-07-01 00:00:00","perl","256"
"2009-07-01 00:00:00","php","2017"
"2009-07-01 00:00:00","python","1157"
"2009-07-01 00:00:00","r","50"
"2009-07-01 00:00:00","ruby","499"
"2009-08-01 00:00:00","assembly","48"
"2009-08-01 00:00:00","c","529"
"2009-08-01 00:00:00","c#","4445"
"2009-08-01 00:00:00","c++","1398"
"2009-08-01 00:00:00","delphi","246"
"2009-08-01 00:00:00","java","2185"
"2009-08-01 00:00:00","javascript","1856"
"2009-08-01 00:00:00","perl","248"
"2009-08-01 00:00:00","php","2175"
"2009-08-01 00:00:00","python","1131"
"2009-08-01 00:00:00","r","47"
"2009-08-01 00:00:00","ruby","484"
"2009-08-01 00:00:00","swift","3"
"2009-09-01 00:00:00","assembly","62"
"2009-09-01 00:00:00","c","572"
"2009-09-01 00:00:00","c#","4346"
"2009-09-01 00:00:00","c++","1460"
"2009-09-01 00:00:00","delphi","251"
"2009-09-01 00:00:00","java","2258"
"2009-09-01 00:00:00","javascript","1756"
"2009-09-01 00:00:00","perl","249"
"2009-09-01 00:00:00","php","2252"
"2009-09-01 00:00:00","python","1169"
"2009-09-01 00:00:00","r","138"
"2009-09-01 00:00:00","ruby","477"
"2009-09-01 00:00:00","swift","3"
"2009-10-01 00:00:00","assembly","73"
"2009-10-01 00:00:00","c","775"
"2009-10-01 00:00:00","c#","4723"
"2009-10-01 00:00:00","c++","1685"
"2009-10-01 00:00:00","delphi","254"
"2009-10-01 00:00:00","java","2498"
"2009-10-01 00:00:00","javascript","2046"
"2009-10-01 00:00:00","perl","282"
"2009-10-01 00:00:00","php","2351"
"2009-10-01 00:00:00","python","1417"
"2009-10-01 00:00:00","r","73"
"2009-10-01 00:00:00","ruby","492"
"2009-10-01 00:00:00","swift","1"
"2009-11-01 00:00:00","assembly","82"
"2009-11-01 00:00:00","c","956"
"2009-11-01 00:00:00","c#","4676"
"2009-11-01 00:00:00","c++","1745"
"2009-11-01 00:00:00","delphi","274"
"2009-11-01 00:00:00","go","65"
"2009-11-01 00:00:00","java","2759"
"2009-11-01 00:00:00","javascript","2234"
"2009-11-01 00:00:00","perl","322"
"2009-11-01 00:00:00","php","2676"
"2009-11-01 00:00:00","python","1552"
"2009-11-01 00:00:00","r","94"
"2009-11-01 00:00:00","ruby","654"
"2009-11-01 00:00:00","swift","3"
"2009-12-01 00:00:00","assembly","62"
"2009-12-01 00:00:00","c","848"
"2009-12-01 00:00:00","c#","4482"
"2009-12-01 00:00:00","c++","1651"
"2009-12-01 00:00:00","delphi","282"
"2009-12-01 00:00:00","go","11"
"2009-12-01 00:00:00","java","2684"
"2009-12-01 00:00:00","javascript","2305"
"2009-12-01 00:00:00","perl","261"
"2009-12-01 00:00:00","php","2813"
"2009-12-01 00:00:00","python","1584"
"2009-12-01 00:00:00","r","80"
"2009-12-01 00:00:00","ruby","572"
"2009-12-01 00:00:00","swift","1"
"2010-01-01 00:00:00","assembly","100"
"2010-01-01 00:00:00","c","977"
"2010-01-01 00:00:00","c#","5111"
"2010-01-01 00:00:00","c++","1994"
"2010-01-01 00:00:00","delphi","303"
"2010-01-01 00:00:00","go","15"
"2010-01-01 00:00:00","java","3722"
"2010-01-01 00:00:00","javascript","2626"
"2010-01-01 00:00:00","perl","301"
"2010-01-01 00:00:00","php","3424"
"2010-01-01 00:00:00","python","1946"
"2010-01-01 00:00:00","r","94"
"2010-01-01 00:00:00","ruby","684"
"2010-02-01 00:00:00","assembly","69"
"2010-02-01 00:00:00","c","1032"
"2010-02-01 00:00:00","c#","5094"
"2010-02-01 00:00:00","c++","2275"
"2010-02-01 00:00:00","delphi","283"
"2010-02-01 00:00:00","go","7"
"2010-02-01 00:00:00","java","3576"
"2010-02-01 00:00:00","javascript","2638"
"2010-02-01 00:00:00","perl","347"
"2010-02-01 00:00:00","php","3153"
"2010-02-01 00:00:00","python","1861"
"2010-02-01 00:00:00","r","122"
"2010-02-01 00:00:00","ruby","688"
"2010-02-01 00:00:00","swift","2"
"2010-03-01 00:00:00","assembly","123"
"2010-03-01 00:00:00","c","1114"
"2010-03-01 00:00:00","c#","6025"
"2010-03-01 00:00:00","c++","2432"
"2010-03-01 00:00:00","delphi","317"
"2010-03-01 00:00:00","go","8"
"2010-03-01 00:00:00","java","4438"
"2010-03-01 00:00:00","javascript","2988"
"2010-03-01 00:00:00","perl","390"
"2010-03-01 00:00:00","php","3734"
"2010-03-01 00:00:00","python","2072"
"2010-03-01 00:00:00","r","139"
"2010-03-01 00:00:00","ruby","693"
"2010-03-01 00:00:00","swift","1"
"2010-04-01 00:00:00","assembly","124"
"2010-04-01 00:00:00","c","1181"
"2010-04-01 00:00:00","c#","5773"
"2010-04-01 00:00:00","c++","2487"
"2010-04-01 00:00:00","delphi","270"
"2010-04-01 00:00:00","go","10"
"2010-04-01 00:00:00","java","3877"
"2010-04-01 00:00:00","javascript","3012"
"2010-04-01 00:00:00","perl","364"
"2010-04-01 00:00:00","php","3634"
"2010-04-01 00:00:00","python","1806"
"2010-04-01 00:00:00","r","160"
"2010-04-01 00:00:00","ruby","752"
"2010-04-01 00:00:00","swift","2"
"2010-05-01 00:00:00","assembly","108"
"2010-05-01 00:00:00","c","1177"
"2010-05-01 00:00:00","c#","5925"
"2010-05-01 00:00:00","c++","2414"
"2010-05-01 00:00:00","delphi","280"
"2010-05-01 00:00:00","go","17"
"2010-05-01 00:00:00","java","4166"
"2010-05-01 00:00:00","javascript","3232"
"2010-05-01 00:00:00","perl","286"
"2010-05-01 00:00:00","php","3972"
"2010-05-01 00:00:00","python","2008"
"2010-05-01 00:00:00","r","139"
"2010-05-01 00:00:00","ruby","775"
"2010-05-01 00:00:00","swift","1"
"2010-06-01 00:00:00","assembly","90"
"2010-06-01 00:00:00","c","1153"
"2010-06-01 00:00:00","c#","6139"
"2010-06-01 00:00:00","c++","2823"
"2010-06-01 00:00:00","delphi","329"
"2010-06-01 00:00:00","go","15"
"2010-06-01 00:00:00","java","4276"
"2010-06-01 00:00:00","javascript","3478"
"2010-06-01 00:00:00","perl","409"
"2010-06-01 00:00:00","php","4072"
"2010-06-01 00:00:00","python","2202"
"2010-06-01 00:00:00","r","176"
"2010-06-01 00:00:00","ruby","850"
"2010-06-01 00:00:00","swift","3"
"2010-07-01 00:00:00","assembly","97"
"2010-07-01 00:00:00","c","1284"
"2010-07-01 00:00:00","c#","6675"
"2010-07-01 00:00:00","c++","2675"
"2010-07-01 00:00:00","delphi","334"
"2010-07-01 00:00:00","go","8"
"2010-07-01 00:00:00","java","4507"
"2010-07-01 00:00:00","javascript","3878"
"2010-07-01 00:00:00","perl","435"
"2010-07-01 00:00:00","php","4582"
"2010-07-01 00:00:00","python","2583"
"2010-07-01 00:00:00","r","233"
"2010-07-01 00:00:00","ruby","910"
"2010-07-01 00:00:00","swift","1"
"2010-08-01 00:00:00","assembly","86"
"2010-08-01 00:00:00","c","1363"
"2010-08-01 00:00:00","c#","6957"
"2010-08-01 00:00:00","c++","2627"
"2010-08-01 00:00:00","delphi","353"
"2010-08-01 00:00:00","go","13"
"2010-08-01 00:00:00","java","4698"
"2010-08-01 00:00:00","javascript","4000"
"2010-08-01 00:00:00","perl","547"
"2010-08-01 00:00:00","php","5114"
"2010-08-01 00:00:00","python","2491"
"2010-08-01 00:00:00","r","283"
"2010-08-01 00:00:00","ruby","994"
"2010-08-01 00:00:00","swift","2"
"2010-09-01 00:00:00","assembly","117"
"2010-09-01 00:00:00","c","1371"
"2010-09-01 00:00:00","c#","6408"
"2010-09-01 00:00:00","c++","2726"
"2010-09-01 00:00:00","delphi","319"
"2010-09-01 00:00:00","go","9"
"2010-09-01 00:00:00","java","4707"
"2010-09-01 00:00:00","javascript","4001"
"2010-09-01 00:00:00","perl","460"
"2010-09-01 00:00:00","php","4685"
"2010-09-01 00:00:00","python","2248"
"2010-09-01 00:00:00","r","236"
"2010-09-01 00:00:00","ruby","935"
"2010-09-01 00:00:00","swift","2"
"2010-10-01 00:00:00","assembly","123"
"2010-10-01 00:00:00","c","1438"
"2010-10-01 00:00:00","c#","6727"
"2010-10-01 00:00:00","c++","2929"
"2010-10-01 00:00:00","delphi","361"
"2010-10-01 00:00:00","go","13"
"2010-10-01 00:00:00","java","5016"
"2010-10-01 00:00:00","javascript","4106"
"2010-10-01 00:00:00","perl","498"
"2010-10-01 00:00:00","php","4496"
"2010-10-01 00:00:00","python","2671"
"2010-10-01 00:00:00","r","214"
"2010-10-01 00:00:00","ruby","925"
"2010-10-01 00:00:00","swift","1"
"2010-11-01 00:00:00","assembly","164"
"2010-11-01 00:00:00","c","1674"
"2010-11-01 00:00:00","c#","7308"
"2010-11-01 00:00:00","c++","3365"
"2010-11-01 00:00:00","delphi","390"
"2010-11-01 00:00:00","go","16"
"2010-11-01 00:00:00","java","5588"
"2010-11-01 00:00:00","javascript","4542"
"2010-11-01 00:00:00","perl","464"
"2010-11-01 00:00:00","php","5093"
"2010-11-01 00:00:00","python","2603"
"2010-11-01 00:00:00","r","241"
"2010-11-01 00:00:00","ruby","927"
"2010-11-01 00:00:00","swift","1"
"2010-12-01 00:00:00","assembly","125"
"2010-12-01 00:00:00","c","1467"
"2010-12-01 00:00:00","c#","7097"
"2010-12-01 00:00:00","c++","3128"
"2010-12-01 00:00:00","delphi","321"
"2010-12-01 00:00:00","go","18"
"2010-12-01 00:00:00","java","5667"
"2010-12-01 00:00:00","javascript","4955"
"2010-12-01 00:00:00","perl","501"
"2010-12-01 00:00:00","php","5372"
"2010-12-01 00:00:00","python","2472"
"2010-12-01 00:00:00","r","223"
"2010-12-01 00:00:00","ruby","1021"
"2010-12-01 00:00:00","swift","2"
"2011-01-01 00:00:00","assembly","133"
"2011-01-01 00:00:00","c","1458"
"2011-01-01 00:00:00","c#","7977"
"2011-01-01 00:00:00","c++","3482"
"2011-01-01 00:00:00","delphi","368"
"2011-01-01 00:00:00","go","15"
"2011-01-01 00:00:00","java","6529"
"2011-01-01 00:00:00","javascript","5416"
"2011-01-01 00:00:00","perl","477"
"2011-01-01 00:00:00","php","6397"
"2011-01-01 00:00:00","python","2896"
"2011-01-01 00:00:00","r","249"
"2011-01-01 00:00:00","ruby","1201"
"2011-01-01 00:00:00","swift","4"
"2011-02-01 00:00:00","assembly","147"
"2011-02-01 00:00:00","c","1633"
"2011-02-01 00:00:00","c#","8205"
"2011-02-01 00:00:00","c++","3434"
"2011-02-01 00:00:00","delphi","358"
"2011-02-01 00:00:00","go","16"
"2011-02-01 00:00:00","java","6853"
"2011-02-01 00:00:00","javascript","5589"
"2011-02-01 00:00:00","perl","481"
"2011-02-01 00:00:00","php","6685"
"2011-02-01 00:00:00","python","3007"
"2011-02-01 00:00:00","r","322"
"2011-02-01 00:00:00","ruby","1247"
"2011-02-01 00:00:00","swift","5"
"2011-03-01 00:00:00","assembly","192"
"2011-03-01 00:00:00","c","2108"
"2011-03-01 00:00:00","c#","9966"
"2011-03-01 00:00:00","c++","4166"
"2011-03-01 00:00:00","delphi","515"
"2011-03-01 00:00:00","go","3"
"2011-03-01 00:00:00","java","8448"
"2011-03-01 00:00:00","javascript","6756"
"2011-03-01 00:00:00","perl","604"
"2011-03-01 00:00:00","php","8063"
"2011-03-01 00:00:00","python","3741"
"2011-03-01 00:00:00","r","422"
"2011-03-01 00:00:00","ruby","1636"
"2011-03-01 00:00:00","swift","3"
"2011-04-01 00:00:00","assembly","159"
"2011-04-01 00:00:00","c","2032"
"2011-04-01 00:00:00","c#","9253"
"2011-04-01 00:00:00","c++","4159"
"2011-04-01 00:00:00","delphi","400"
"2011-04-01 00:00:00","go","7"
"2011-04-01 00:00:00","java","7881"
"2011-04-01 00:00:00","javascript","6871"
"2011-04-01 00:00:00","perl","550"
"2011-04-01 00:00:00","php","7612"
"2011-04-01 00:00:00","python","3330"
"2011-04-01 00:00:00","r","475"
"2011-04-01 00:00:00","ruby","1475"
"2011-04-01 00:00:00","swift","3"
"2011-05-01 00:00:00","assembly","158"
"2011-05-01 00:00:00","c","1821"
"2011-05-01 00:00:00","c#","9965"
"2011-05-01 00:00:00","c++","3865"
"2011-05-01 00:00:00","delphi","472"
"2011-05-01 00:00:00","go","36"
"2011-05-01 00:00:00","java","8525"
"2011-05-01 00:00:00","javascript","7288"
"2011-05-01 00:00:00","perl","581"
"2011-05-01 00:00:00","php","8053"
"2011-05-01 00:00:00","python","3510"
"2011-05-01 00:00:00","r","425"
"2011-05-01 00:00:00","ruby","1563"
"2011-05-01 00:00:00","swift","1"
"2011-06-01 00:00:00","assembly","139"
"2011-06-01 00:00:00","c","1761"
"2011-06-01 00:00:00","c#","9715"
"2011-06-01 00:00:00","c++","3797"
"2011-06-01 00:00:00","delphi","453"
"2011-06-01 00:00:00","go","34"
"2011-06-01 00:00:00","java","7860"
"2011-06-01 00:00:00","javascript","7655"
"2011-06-01 00:00:00","perl","567"
"2011-06-01 00:00:00","php","7992"
"2011-06-01 00:00:00","python","3461"
"2011-06-01 00:00:00","r","442"
"2011-06-01 00:00:00","ruby","1554"
"2011-06-01 00:00:00","swift","4"
"2011-07-01 00:00:00","assembly","141"
"2011-07-01 00:00:00","c","1655"
"2011-07-01 00:00:00","c#","9557"
"2011-07-01 00:00:00","c++","3845"
"2011-07-01 00:00:00","delphi","427"
"2011-07-01 00:00:00","go","26"
"2011-07-01 00:00:00","java","8122"
"2011-07-01 00:00:00","javascript","8077"
"2011-07-01 00:00:00","perl","658"
"2011-07-01 00:00:00","php","8615"
"2011-07-01 00:00:00","python","3649"
"2011-07-01 00:00:00","r","453"
"2011-07-01 00:00:00","ruby","1577"
"2011-07-01 00:00:00","swift","12"
"2011-08-01 00:00:00","assembly","159"
"2011-08-01 00:00:00","c","1823"
"2011-08-01 00:00:00","c#","10000"
"2011-08-01 00:00:00","c++","3943"
"2011-08-01 00:00:00","delphi","422"
"2011-08-01 00:00:00","go","40"
"2011-08-01 00:00:00","java","8632"
"2011-08-01 00:00:00","javascript","8863"
"2011-08-01 00:00:00","perl","611"
"2011-08-01 00:00:00","php","8843"
"2011-08-01 00:00:00","python","3814"
"2011-08-01 00:00:00","r","586"
"2011-08-01 00:00:00","ruby","1847"
"2011-08-01 00:00:00","swift","8"
"2011-09-01 00:00:00","assembly","154"
"2011-09-01 00:00:00","c","1915"
"2011-09-01 00:00:00","c#","9238"
"2011-09-01 00:00:00","c++","3925"
"2011-09-01 00:00:00","delphi","413"
"2011-09-01 00:00:00","go","26"
"2011-09-01 00:00:00","java","8281"
"2011-09-01 00:00:00","javascript","8137"
"2011-09-01 00:00:00","perl","500"
"2011-09-01 00:00:00","php","7997"
"2011-09-01 00:00:00","python","3507"
"2011-09-01 00:00:00","r","612"
"2011-09-01 00:00:00","ruby","1541"
"2011-09-01 00:00:00","swift","6"
"2011-10-01 00:00:00","assembly","211"
"2011-10-01 00:00:00","c","2138"
"2011-10-01 00:00:00","c#","9156"
"2011-10-01 00:00:00","c++","4334"
"2011-10-01 00:00:00","delphi","463"
"2011-10-01 00:00:00","go","40"
"2011-10-01 00:00:00","java","8499"
"2011-10-01 00:00:00","javascript","7972"
"2011-10-01 00:00:00","perl","555"
"2011-10-01 00:00:00","php","7979"
"2011-10-01 00:00:00","python","3600"
"2011-10-01 00:00:00","r","619"
"2011-10-01 00:00:00","ruby","1601"
"2011-10-01 00:00:00","swift","6"
"2011-11-01 00:00:00","assembly","211"
"2011-11-01 00:00:00","c","2193"
"2011-11-01 00:00:00","c#","9838"
"2011-11-01 00:00:00","c++","4450"
"2011-11-01 00:00:00","delphi","505"
"2011-11-01 00:00:00","go","65"
"2011-11-01 00:00:00","java","9566"
"2011-11-01 00:00:00","javascript","8608"
"2011-11-01 00:00:00","perl","604"
"2011-11-01 00:00:00","php","8606"
"2011-11-01 00:00:00","python","3854"
"2011-11-01 00:00:00","r","605"
"2011-11-01 00:00:00","ruby","1732"
"2011-11-01 00:00:00","swift","4"
"2011-12-01 00:00:00","assembly","228"
"2011-12-01 00:00:00","c","2001"
"2011-12-01 00:00:00","c#","9251"
"2011-12-01 00:00:00","c++","4331"
"2011-12-01 00:00:00","delphi","571"
"2011-12-01 00:00:00","go","52"
"2011-12-01 00:00:00","java","9120"
"2011-12-01 00:00:00","javascript","8274"
"2011-12-01 00:00:00","perl","538"
"2011-12-01 00:00:00","php","8265"
"2011-12-01 00:00:00","python","3604"
"2011-12-01 00:00:00","r","613"
"2011-12-01 00:00:00","ruby","1668"
"2011-12-01 00:00:00","swift","2"
"2012-01-01 00:00:00","assembly","169"
"2012-01-01 00:00:00","c","2217"
"2012-01-01 00:00:00","c#","10324"
"2012-01-01 00:00:00","c++","4519"
"2012-01-01 00:00:00","delphi","509"
"2012-01-01 00:00:00","go","37"
"2012-01-01 00:00:00","java","10054"
"2012-01-01 00:00:00","javascript","9533"
"2012-01-01 00:00:00","perl","561"
"2012-01-01 00:00:00","php","9194"
"2012-01-01 00:00:00","python","4180"
"2012-01-01 00:00:00","r","690"
"2012-01-01 00:00:00","ruby","1886"
"2012-01-01 00:00:00","swift","6"
"2012-02-01 00:00:00","assembly","230"
"2012-02-01 00:00:00","c","2394"
"2012-02-01 00:00:00","c#","10680"
"2012-02-01 00:00:00","c++","5079"
"2012-02-01 00:00:00","delphi","471"
"2012-02-01 00:00:00","go","31"
"2012-02-01 00:00:00","java","10872"
"2012-02-01 00:00:00","javascript","9907"
"2012-02-01 00:00:00","perl","613"
"2012-02-01 00:00:00","php","9810"
"2012-02-01 00:00:00","python","4474"
"2012-02-01 00:00:00","r","811"
"2012-02-01 00:00:00","ruby","2030"
"2012-02-01 00:00:00","swift","9"
"2012-03-01 00:00:00","assembly","260"
"2012-03-01 00:00:00","c","2712"
"2012-03-01 00:00:00","c#","11504"
"2012-03-01 00:00:00","c++","5196"
"2012-03-01 00:00:00","delphi","494"
"2012-03-01 00:00:00","go","47"
"2012-03-01 00:00:00","java","12287"
"2012-03-01 00:00:00","javascript","10623"
"2012-03-01 00:00:00","perl","607"
"2012-03-01 00:00:00","php","10776"
"2012-03-01 00:00:00","python","5009"
"2012-03-01 00:00:00","r","888"
"2012-03-01 00:00:00","ruby","2176"
"2012-03-01 00:00:00","swift","4"
"2012-04-01 00:00:00","assembly","276"
"2012-04-01 00:00:00","c","2661"
"2012-04-01 00:00:00","c#","11051"
"2012-04-01 00:00:00","c++","5275"
"2012-04-01 00:00:00","delphi","482"
"2012-04-01 00:00:00","go","69"
"2012-04-01 00:00:00","java","11949"
"2012-04-01 00:00:00","javascript","10604"
"2012-04-01 00:00:00","perl","598"
"2012-04-01 00:00:00","php","10306"
"2012-04-01 00:00:00","python","4899"
"2012-04-01 00:00:00","r","838"
"2012-04-01 00:00:00","ruby","1960"
"2012-04-01 00:00:00","swift","5"
"2012-05-01 00:00:00","assembly","227"
"2012-05-01 00:00:00","c","2474"
"2012-05-01 00:00:00","c#","11501"
"2012-05-01 00:00:00","c++","4965"
"2012-05-01 00:00:00","delphi","478"
"2012-05-01 00:00:00","go","69"
"2012-05-01 00:00:00","java","12114"
"2012-05-01 00:00:00","javascript","11466"
"2012-05-01 00:00:00","perl","642"
"2012-05-01 00:00:00","php","10842"
"2012-05-01 00:00:00","python","5067"
"2012-05-01 00:00:00","r","874"
"2012-05-01 00:00:00","ruby","1967"
"2012-05-01 00:00:00","swift","6"
"2012-06-01 00:00:00","assembly","200"
"2012-06-01 00:00:00","c","2304"
"2012-06-01 00:00:00","c#","11288"
"2012-06-01 00:00:00","c++","4631"
"2012-06-01 00:00:00","delphi","417"
"2012-06-01 00:00:00","go","72"
"2012-06-01 00:00:00","java","11071"
"2012-06-01 00:00:00","javascript","11195"
"2012-06-01 00:00:00","perl","739"
"2012-06-01 00:00:00","php","10500"
"2012-06-01 00:00:00","python","5259"
"2012-06-01 00:00:00","r","973"
"2012-06-01 00:00:00","ruby","1885"
"2012-06-01 00:00:00","swift","4"
"2012-07-01 00:00:00","assembly","201"
"2012-07-01 00:00:00","c","2366"
"2012-07-01 00:00:00","c#","12294"
"2012-07-01 00:00:00","c++","5261"
"2012-07-01 00:00:00","delphi","439"
"2012-07-01 00:00:00","go","76"
"2012-07-01 00:00:00","java","12224"
"2012-07-01 00:00:00","javascript","12299"
"2012-07-01 00:00:00","perl","666"
"2012-07-01 00:00:00","php","11680"
"2012-07-01 00:00:00","python","5718"
"2012-07-01 00:00:00","r","1117"
"2012-07-01 00:00:00","ruby","2058"
"2012-07-01 00:00:00","swift","9"
"2012-08-01 00:00:00","assembly","189"
"2012-08-01 00:00:00","c","2313"
"2012-08-01 00:00:00","c#","11932"
"2012-08-01 00:00:00","c++","5158"
"2012-08-01 00:00:00","delphi","403"
"2012-08-01 00:00:00","go","72"
"2012-08-01 00:00:00","java","12232"
"2012-08-01 00:00:00","javascript","12420"
"2012-08-01 00:00:00","perl","761"
"2012-08-01 00:00:00","php","11850"
"2012-08-01 00:00:00","python","5856"
"2012-08-01 00:00:00","r","1088"
"2012-08-01 00:00:00","ruby","2057"
"2012-08-01 00:00:00","swift","5"
"2012-09-01 00:00:00","assembly","222"
"2012-09-01 00:00:00","c","2527"
"2012-09-01 00:00:00","c#","11256"
"2012-09-01 00:00:00","c++","4901"
"2012-09-01 00:00:00","delphi","385"
"2012-09-01 00:00:00","go","129"
"2012-09-01 00:00:00","java","11600"
"2012-09-01 00:00:00","javascript","11155"
"2012-09-01 00:00:00","perl","662"
"2012-09-01 00:00:00","php","10934"
"2012-09-01 00:00:00","python","5247"
"2012-09-01 00:00:00","r","1057"
"2012-09-01 00:00:00","ruby","1953"
"2012-09-01 00:00:00","swift","7"
"2012-10-01 00:00:00","assembly","314"
"2012-10-01 00:00:00","c","3151"
"2012-10-01 00:00:00","c#","12703"
"2012-10-01 00:00:00","c++","5898"
"2012-10-01 00:00:00","delphi","478"
"2012-10-01 00:00:00","go","101"
"2012-10-01 00:00:00","java","13458"
"2012-10-01 00:00:00","javascript","12398"
"2012-10-01 00:00:00","perl","682"
"2012-10-01 00:00:00","php","11705"
"2012-10-01 00:00:00","python","6123"
"2012-10-01 00:00:00","r","1267"
"2012-10-01 00:00:00","ruby","2255"
"2012-10-01 00:00:00","swift","4"
"2012-11-01 00:00:00","assembly","303"
"2012-11-01 00:00:00","c","3185"
"2012-11-01 00:00:00","c#","12222"
"2012-11-01 00:00:00","c++","6262"
"2012-11-01 00:00:00","delphi","442"
"2012-11-01 00:00:00","go","104"
"2012-11-01 00:00:00","java","13578"
"2012-11-01 00:00:00","javascript","12318"
"2012-11-01 00:00:00","perl","636"
"2012-11-01 00:00:00","php","11704"
"2012-11-01 00:00:00","python","6388"
"2012-11-01 00:00:00","r","1345"
"2012-11-01 00:00:00","ruby","2127"
"2012-11-01 00:00:00","swift","4"
"2012-12-01 00:00:00","assembly","264"
"2012-12-01 00:00:00","c","2560"
"2012-12-01 00:00:00","c#","10944"
"2012-12-01 00:00:00","c++","5679"
"2012-12-01 00:00:00","delphi","428"
"2012-12-01 00:00:00","go","112"
"2012-12-01 00:00:00","java","12399"
"2012-12-01 00:00:00","javascript","11729"
"2012-12-01 00:00:00","perl","551"
"2012-12-01 00:00:00","php","10989"
"2012-12-01 00:00:00","python","5741"
"2012-12-01 00:00:00","r","1213"
"2012-12-01 00:00:00","ruby","1902"
"2012-12-01 00:00:00","swift","4"
"2013-01-01 00:00:00","assembly","294"
"2013-01-01 00:00:00","c","2901"
"2013-01-01 00:00:00","c#","12742"
"2013-01-01 00:00:00","c++","6030"
"2013-01-01 00:00:00","delphi","480"
"2013-01-01 00:00:00","go","101"
"2013-01-01 00:00:00","java","13677"
"2013-01-01 00:00:00","javascript","13759"
"2013-01-01 00:00:00","perl","660"
"2013-01-01 00:00:00","php","12803"
"2013-01-01 00:00:00","python","6560"
"2013-01-01 00:00:00","r","1506"
"2013-01-01 00:00:00","ruby","2303"
"2013-01-01 00:00:00","swift","5"
"2013-02-01 00:00:00","assembly","324"
"2013-02-01 00:00:00","c","3085"
"2013-02-01 00:00:00","c#","12471"
"2013-02-01 00:00:00","c++","6050"
"2013-02-01 00:00:00","delphi","447"
"2013-02-01 00:00:00","go","117"
"2013-02-01 00:00:00","java","13658"
"2013-02-01 00:00:00","javascript","13605"
"2013-02-01 00:00:00","perl","745"
"2013-02-01 00:00:00","php","12465"
"2013-02-01 00:00:00","python","6723"
"2013-02-01 00:00:00","r","1656"
"2013-02-01 00:00:00","ruby","2209"
"2013-02-01 00:00:00","swift","6"
"2013-03-01 00:00:00","assembly","367"
"2013-03-01 00:00:00","c","3427"
"2013-03-01 00:00:00","c#","14219"
"2013-03-01 00:00:00","c++","7170"
"2013-03-01 00:00:00","delphi","523"
"2013-03-01 00:00:00","go","127"
"2013-03-01 00:00:00","java","15867"
"2013-03-01 00:00:00","javascript","15252"
"2013-03-01 00:00:00","perl","850"
"2013-03-01 00:00:00","php","14027"
"2013-03-01 00:00:00","python","7600"
"2013-03-01 00:00:00","r","1846"
"2013-03-01 00:00:00","ruby","2557"
"2013-03-01 00:00:00","swift","5"
"2013-04-01 00:00:00","assembly","332"
"2013-04-01 00:00:00","c","3522"
"2013-04-01 00:00:00","c#","13859"
"2013-04-01 00:00:00","c++","7102"
"2013-04-01 00:00:00","delphi","509"
"2013-04-01 00:00:00","go","125"
"2013-04-01 00:00:00","java","16173"
"2013-04-01 00:00:00","javascript","15276"
"2013-04-01 00:00:00","perl","837"
"2013-04-01 00:00:00","php","13315"
"2013-04-01 00:00:00","python","7911"
"2013-04-01 00:00:00","r","1834"
"2013-04-01 00:00:00","ruby","2457"
"2013-04-01 00:00:00","swift","6"
"2013-05-01 00:00:00","assembly","301"
"2013-05-01 00:00:00","c","3186"
"2013-05-01 00:00:00","c#","13428"
"2013-05-01 00:00:00","c++","6811"
"2013-05-01 00:00:00","delphi","533"
"2013-05-01 00:00:00","go","142"
"2013-05-01 00:00:00","java","15222"
"2013-05-01 00:00:00","javascript","15010"
"2013-05-01 00:00:00","perl","901"
"2013-05-01 00:00:00","php","12991"
"2013-05-01 00:00:00","python","7789"
"2013-05-01 00:00:00","r","1777"
"2013-05-01 00:00:00","ruby","2337"
"2013-05-01 00:00:00","swift","2"
"2013-06-01 00:00:00","assembly","293"
"2013-06-01 00:00:00","c","2928"
"2013-06-01 00:00:00","c#","12751"
"2013-06-01 00:00:00","c++","6179"
"2013-06-01 00:00:00","delphi","474"
"2013-06-01 00:00:00","go","175"
"2013-06-01 00:00:00","java","13879"
"2013-06-01 00:00:00","javascript","14564"
"2013-06-01 00:00:00","perl","828"
"2013-06-01 00:00:00","php","12630"
"2013-06-01 00:00:00","python","7581"
"2013-06-01 00:00:00","r","1773"
"2013-06-01 00:00:00","ruby","2220"
"2013-06-01 00:00:00","swift","4"
"2013-07-01 00:00:00","assembly","297"
"2013-07-01 00:00:00","c","3005"
"2013-07-01 00:00:00","c#","14138"
"2013-07-01 00:00:00","c++","6571"
"2013-07-01 00:00:00","delphi","506"
"2013-07-01 00:00:00","go","200"
"2013-07-01 00:00:00","java","15139"
"2013-07-01 00:00:00","javascript","16767"
"2013-07-01 00:00:00","perl","952"
"2013-07-01 00:00:00","php","14226"
"2013-07-01 00:00:00","python","8597"
"2013-07-01 00:00:00","r","1963"
"2013-07-01 00:00:00","ruby","2437"
"2013-07-01 00:00:00","swift","7"
"2013-08-01 00:00:00","assembly","211"
"2013-08-01 00:00:00","c","3002"
"2013-08-01 00:00:00","c#","13815"
"2013-08-01 00:00:00","c++","6238"
"2013-08-01 00:00:00","delphi","449"
"2013-08-01 00:00:00","go","207"
"2013-08-01 00:00:00","java","15010"
"2013-08-01 00:00:00","javascript","16796"
"2013-08-01 00:00:00","perl","834"
"2013-08-01 00:00:00","php","14215"
"2013-08-01 00:00:00","python","7933"
"2013-08-01 00:00:00","r","1915"
"2013-08-01 00:00:00","ruby","2477"
"2013-08-01 00:00:00","swift","4"
"2013-09-01 00:00:00","assembly","290"
"2013-09-01 00:00:00","c","3384"
"2013-09-01 00:00:00","c#","13726"
"2013-09-01 00:00:00","c++","6534"
"2013-09-01 00:00:00","delphi","487"
"2013-09-01 00:00:00","go","237"
"2013-09-01 00:00:00","java","16211"
"2013-09-01 00:00:00","javascript","17647"
"2013-09-01 00:00:00","perl","684"
"2013-09-01 00:00:00","php","14168"
"2013-09-01 00:00:00","python","7947"
"2013-09-01 00:00:00","r","1709"
"2013-09-01 00:00:00","ruby","2386"
"2013-09-01 00:00:00","swift","9"
"2013-10-01 00:00:00","assembly","377"
"2013-10-01 00:00:00","c","4230"
"2013-10-01 00:00:00","c#","15154"
"2013-10-01 00:00:00","c++","7952"
"2013-10-01 00:00:00","delphi","520"
"2013-10-01 00:00:00","go","211"
"2013-10-01 00:00:00","java","18658"
"2013-10-01 00:00:00","javascript","19660"
"2013-10-01 00:00:00","perl","814"
"2013-10-01 00:00:00","php","15234"
"2013-10-01 00:00:00","python","9463"
"2013-10-01 00:00:00","r","2086"
"2013-10-01 00:00:00","ruby","2787"
"2013-10-01 00:00:00","swift","10"
"2013-11-01 00:00:00","assembly","417"
"2013-11-01 00:00:00","c","4276"
"2013-11-01 00:00:00","c#","14542"
"2013-11-01 00:00:00","c++","8102"
"2013-11-01 00:00:00","delphi","460"
"2013-11-01 00:00:00","go","209"
"2013-11-01 00:00:00","java","18687"
"2013-11-01 00:00:00","javascript","18423"
"2013-11-01 00:00:00","perl","820"
"2013-11-01 00:00:00","php","14784"
"2013-11-01 00:00:00","python","9464"
"2013-11-01 00:00:00","r","2185"
"2013-11-01 00:00:00","ruby","2572"
"2013-11-01 00:00:00","swift","5"
"2013-12-01 00:00:00","assembly","358"
"2013-12-01 00:00:00","c","3494"
"2013-12-01 00:00:00","c#","13587"
"2013-12-01 00:00:00","c++","6987"
"2013-12-01 00:00:00","delphi","448"
"2013-12-01 00:00:00","go","240"
"2013-12-01 00:00:00","java","17399"
"2013-12-01 00:00:00","javascript","17960"
"2013-12-01 00:00:00","perl","764"
"2013-12-01 00:00:00","php","14349"
"2013-12-01 00:00:00","python","8432"
"2013-12-01 00:00:00","r","1905"
"2013-12-01 00:00:00","ruby","2441"
"2013-12-01 00:00:00","swift","11"
"2014-01-01 00:00:00","assembly","340"
"2014-01-01 00:00:00","c","3724"
"2014-01-01 00:00:00","c#","15296"
"2014-01-01 00:00:00","c++","7674"
"2014-01-01 00:00:00","delphi","490"
"2014-01-01 00:00:00","go","300"
"2014-01-01 00:00:00","java","18613"
"2014-01-01 00:00:00","javascript","21064"
"2014-01-01 00:00:00","perl","809"
"2014-01-01 00:00:00","php","16696"
"2014-01-01 00:00:00","python","9818"
"2014-01-01 00:00:00","r","2345"
"2014-01-01 00:00:00","ruby","2756"
"2014-01-01 00:00:00","swift","6"
"2014-02-01 00:00:00","assembly","372"
"2014-02-01 00:00:00","c","3966"
"2014-02-01 00:00:00","c#","15078"
"2014-02-01 00:00:00","c++","7652"
"2014-02-01 00:00:00","delphi","489"
"2014-02-01 00:00:00","go","204"
"2014-02-01 00:00:00","java","19177"
"2014-02-01 00:00:00","javascript","21085"
"2014-02-01 00:00:00","perl","790"
"2014-02-01 00:00:00","php","16429"
"2014-02-01 00:00:00","python","9876"
"2014-02-01 00:00:00","r","2617"
"2014-02-01 00:00:00","ruby","2596"
"2014-02-01 00:00:00","swift","12"
"2014-03-01 00:00:00","assembly","450"
"2014-03-01 00:00:00","c","4549"
"2014-03-01 00:00:00","c#","16117"
"2014-03-01 00:00:00","c++","8649"
"2014-03-01 00:00:00","delphi","441"
"2014-03-01 00:00:00","go","255"
"2014-03-01 00:00:00","java","21890"
"2014-03-01 00:00:00","javascript","22564"
"2014-03-01 00:00:00","perl","907"
"2014-03-01 00:00:00","php","18208"
"2014-03-01 00:00:00","python","11398"
"2014-03-01 00:00:00","r","2798"
"2014-03-01 00:00:00","ruby","2945"
"2014-03-01 00:00:00","swift","5"
"2014-04-01 00:00:00","assembly","363"
"2014-04-01 00:00:00","c","3997"
"2014-04-01 00:00:00","c#","15246"
"2014-04-01 00:00:00","c++","8106"
"2014-04-01 00:00:00","delphi","390"
"2014-04-01 00:00:00","go","341"
"2014-04-01 00:00:00","java","20764"
"2014-04-01 00:00:00","javascript","21331"
"2014-04-01 00:00:00","perl","820"
"2014-04-01 00:00:00","php","17529"
"2014-04-01 00:00:00","python","10716"
"2014-04-01 00:00:00","r","2729"
"2014-04-01 00:00:00","ruby","2741"
"2014-04-01 00:00:00","swift","4"
"2014-05-01 00:00:00","assembly","329"
"2014-05-01 00:00:00","c","3249"
"2014-05-01 00:00:00","c#","13836"
"2014-05-01 00:00:00","c++","6763"
"2014-05-01 00:00:00","delphi","468"
"2014-05-01 00:00:00","go","278"
"2014-05-01 00:00:00","java","17872"
"2014-05-01 00:00:00","javascript","19681"
"2014-05-01 00:00:00","perl","794"
"2014-05-01 00:00:00","php","14636"
"2014-05-01 00:00:00","python","9212"
"2014-05-01 00:00:00","r","2576"
"2014-05-01 00:00:00","ruby","2671"
"2014-05-01 00:00:00","swift","9"
"2014-06-01 00:00:00","assembly","267"
"2014-06-01 00:00:00","c","2762"
"2014-06-01 00:00:00","c#","12433"
"2014-06-01 00:00:00","c++","5641"
"2014-06-01 00:00:00","delphi","413"
"2014-06-01 00:00:00","go","288"
"2014-06-01 00:00:00","java","15838"
"2014-06-01 00:00:00","javascript","18210"
"2014-06-01 00:00:00","perl","675"
"2014-06-01 00:00:00","php","12898"
"2014-06-01 00:00:00","python","8884"
"2014-06-01 00:00:00","r","2396"
"2014-06-01 00:00:00","ruby","2329"
"2014-06-01 00:00:00","swift","2386"
"2014-07-01 00:00:00","assembly","215"
"2014-07-01 00:00:00","c","2821"
"2014-07-01 00:00:00","c#","13632"
"2014-07-01 00:00:00","c++","6255"
"2014-07-01 00:00:00","delphi","444"
"2014-07-01 00:00:00","go","450"
"2014-07-01 00:00:00","java","17299"
"2014-07-01 00:00:00","javascript","20042"
"2014-07-01 00:00:00","perl","732"
"2014-07-01 00:00:00","php","14181"
"2014-07-01 00:00:00","python","9890"
"2014-07-01 00:00:00","r","2631"
"2014-07-01 00:00:00","ruby","2551"
"2014-07-01 00:00:00","swift","1632"
"2014-08-01 00:00:00","assembly","183"
"2014-08-01 00:00:00","c","2669"
"2014-08-01 00:00:00","c#","12452"
"2014-08-01 00:00:00","c++","5863"
"2014-08-01 00:00:00","delphi","423"
"2014-08-01 00:00:00","go","405"
"2014-08-01 00:00:00","java","15683"
"2014-08-01 00:00:00","javascript","18375"
"2014-08-01 00:00:00","perl","683"
"2014-08-01 00:00:00","php","13114"
"2014-08-01 00:00:00","python","9093"
"2014-08-01 00:00:00","r","2468"
"2014-08-01 00:00:00","ruby","2458"
"2014-08-01 00:00:00","swift","1689"
"2014-09-01 00:00:00","assembly","280"
"2014-09-01 00:00:00","c","3223"
"2014-09-01 00:00:00","c#","12292"
"2014-09-01 00:00:00","c++","6166"
"2014-09-01 00:00:00","delphi","445"
"2014-09-01 00:00:00","go","392"
"2014-09-01 00:00:00","java","16627"
"2014-09-01 00:00:00","javascript","18050"
"2014-09-01 00:00:00","perl","679"
"2014-09-01 00:00:00","php","13282"
"2014-09-01 00:00:00","python","8756"
"2014-09-01 00:00:00","r","2357"
"2014-09-01 00:00:00","ruby","2267"
"2014-09-01 00:00:00","swift","1895"
"2014-10-01 00:00:00","assembly","392"
"2014-10-01 00:00:00","c","3795"
"2014-10-01 00:00:00","c#","12521"
"2014-10-01 00:00:00","c++","6819"
"2014-10-01 00:00:00","delphi","410"
"2014-10-01 00:00:00","go","380"
"2014-10-01 00:00:00","java","17832"
"2014-10-01 00:00:00","javascript","18843"
"2014-10-01 00:00:00","perl","638"
"2014-10-01 00:00:00","php","13512"
"2014-10-01 00:00:00","python","9554"
"2014-10-01 00:00:00","r","2765"
"2014-10-01 00:00:00","ruby","2339"
"2014-10-01 00:00:00","swift","2459"
"2014-11-01 00:00:00","assembly","386"
"2014-11-01 00:00:00","c","3654"
"2014-11-01 00:00:00","c#","11836"
"2014-11-01 00:00:00","c++","6538"
"2014-11-01 00:00:00","delphi","425"
"2014-11-01 00:00:00","go","336"
"2014-11-01 00:00:00","java","17777"
"2014-11-01 00:00:00","javascript","17916"
"2014-11-01 00:00:00","perl","656"
"2014-11-01 00:00:00","php","12949"
"2014-11-01 00:00:00","python","9549"
"2014-11-01 00:00:00","r","2700"
"2014-11-01 00:00:00","ruby","2107"
"2014-11-01 00:00:00","swift","2551"
"2014-12-01 00:00:00","assembly","329"
"2014-12-01 00:00:00","c","3148"
"2014-12-01 00:00:00","c#","11052"
"2014-12-01 00:00:00","c++","6066"
"2014-12-01 00:00:00","delphi","313"
"2014-12-01 00:00:00","go","349"
"2014-12-01 00:00:00","java","16316"
"2014-12-01 00:00:00","javascript","16924"
"2014-12-01 00:00:00","perl","565"
"2014-12-01 00:00:00","php","12277"
"2014-12-01 00:00:00","python","9019"
"2014-12-01 00:00:00","r","2356"
"2014-12-01 00:00:00","ruby","2143"
"2014-12-01 00:00:00","swift","2481"
"2015-01-01 00:00:00","assembly","333"
"2015-01-01 00:00:00","c","3204"
"2015-01-01 00:00:00","c#","11714"
"2015-01-01 00:00:00","c++","6120"
"2015-01-01 00:00:00","delphi","379"
"2015-01-01 00:00:00","go","468"
"2015-01-01 00:00:00","java","16503"
"2015-01-01 00:00:00","javascript","18485"
"2015-01-01 00:00:00","perl","589"
"2015-01-01 00:00:00","php","13546"
"2015-01-01 00:00:00","python","9664"
"2015-01-01 00:00:00","r","2681"
"2015-01-01 00:00:00","ruby","2421"
"2015-01-01 00:00:00","swift","3045"
"2015-02-01 00:00:00","assembly","356"
"2015-02-01 00:00:00","c","3361"
"2015-02-01 00:00:00","c#","11771"
"2015-02-01 00:00:00","c++","6463"
"2015-02-01 00:00:00","delphi","414"
"2015-02-01 00:00:00","go","381"
"2015-02-01 00:00:00","java","16713"
"2015-02-01 00:00:00","javascript","18610"
"2015-02-01 00:00:00","perl","564"
"2015-02-01 00:00:00","php","13454"
"2015-02-01 00:00:00","python","10183"
"2015-02-01 00:00:00","r","2964"
"2015-02-01 00:00:00","ruby","2257"
"2015-02-01 00:00:00","swift","3230"
"2015-03-01 00:00:00","assembly","384"
"2015-03-01 00:00:00","c","3914"
"2015-03-01 00:00:00","c#","13243"
"2015-03-01 00:00:00","c++","7378"
"2015-03-01 00:00:00","delphi","409"
"2015-03-01 00:00:00","go","468"
"2015-03-01 00:00:00","java","19710"
"2015-03-01 00:00:00","javascript","20476"
"2015-03-01 00:00:00","perl","638"
"2015-03-01 00:00:00","php","14841"
"2015-03-01 00:00:00","python","11575"
"2015-03-01 00:00:00","r","3558"
"2015-03-01 00:00:00","ruby","2457"
"2015-03-01 00:00:00","swift","3587"
"2015-04-01 00:00:00","assembly","438"
"2015-04-01 00:00:00","c","3946"
"2015-04-01 00:00:00","c#","13061"
"2015-04-01 00:00:00","c++","7133"
"2015-04-01 00:00:00","delphi","388"
"2015-04-01 00:00:00","go","388"
"2015-04-01 00:00:00","java","19754"
"2015-04-01 00:00:00","javascript","20869"
"2015-04-01 00:00:00","perl","575"
"2015-04-01 00:00:00","php","14898"
"2015-04-01 00:00:00","python","11411"
"2015-04-01 00:00:00","r","3321"
"2015-04-01 00:00:00","ruby","2499"
"2015-04-01 00:00:00","swift","4008"
"2015-05-01 00:00:00","assembly","368"
"2015-05-01 00:00:00","c","3518"
"2015-05-01 00:00:00","c#","13346"
"2015-05-01 00:00:00","c++","6808"
"2015-05-01 00:00:00","delphi","399"
"2015-05-01 00:00:00","go","396"
"2015-05-01 00:00:00","java","18512"
"2015-05-01 00:00:00","javascript","22108"
"2015-05-01 00:00:00","perl","527"
"2015-05-01 00:00:00","php","14524"
"2015-05-01 00:00:00","python","11199"
"2015-05-01 00:00:00","r","3420"
"2015-05-01 00:00:00","ruby","2503"
"2015-05-01 00:00:00","swift","3790"
"2015-06-01 00:00:00","assembly","267"
"2015-06-01 00:00:00","c","3164"
"2015-06-01 00:00:00","c#","13528"
"2015-06-01 00:00:00","c++","6515"
"2015-06-01 00:00:00","delphi","388"
"2015-06-01 00:00:00","go","421"
"2015-06-01 00:00:00","java","17842"
"2015-06-01 00:00:00","javascript","22607"
"2015-06-01 00:00:00","perl","570"
"2015-06-01 00:00:00","php","14330"
"2015-06-01 00:00:00","python","11793"
"2015-06-01 00:00:00","r","3430"
"2015-06-01 00:00:00","ruby","2577"
"2015-06-01 00:00:00","swift","4320"
"2015-07-01 00:00:00","assembly","260"
"2015-07-01 00:00:00","c","2811"
"2015-07-01 00:00:00","c#","14105"
"2015-07-01 00:00:00","c++","6698"
"2015-07-01 00:00:00","delphi","385"
"2015-07-01 00:00:00","go","466"
"2015-07-01 00:00:00","java","18675"
"2015-07-01 00:00:00","javascript","23956"
"2015-07-01 00:00:00","perl","578"
"2015-07-01 00:00:00","php","15338"
"2015-07-01 00:00:00","python","12307"
"2015-07-01 00:00:00","r","3981"
"2015-07-01 00:00:00","ruby","2584"
"2015-07-01 00:00:00","swift","5143"
"2015-08-01 00:00:00","assembly","219"
"2015-08-01 00:00:00","c","2571"
"2015-08-01 00:00:00","c#","13224"
"2015-08-01 00:00:00","c++","5868"
"2015-08-01 00:00:00","delphi","387"
"2015-08-01 00:00:00","go","448"
"2015-08-01 00:00:00","java","17076"
"2015-08-01 00:00:00","javascript","22150"
"2015-08-01 00:00:00","perl","552"
"2015-08-01 00:00:00","php","14215"
"2015-08-01 00:00:00","python","11214"
"2015-08-01 00:00:00","r","3493"
"2015-08-01 00:00:00","ruby","2313"
"2015-08-01 00:00:00","swift","5080"
"2015-09-01 00:00:00","assembly","257"
"2015-09-01 00:00:00","c","3082"
"2015-09-01 00:00:00","c#","12912"
"2015-09-01 00:00:00","c++","5906"
"2015-09-01 00:00:00","delphi","358"
"2015-09-01 00:00:00","go","420"
"2015-09-01 00:00:00","java","16930"
"2015-09-01 00:00:00","javascript","21391"
"2015-09-01 00:00:00","perl","465"
"2015-09-01 00:00:00","php","13477"
"2015-09-01 00:00:00","python","10957"
"2015-09-01 00:00:00","r","3329"
"2015-09-01 00:00:00","ruby","2157"
"2015-09-01 00:00:00","swift","4545"
"2015-10-01 00:00:00","assembly","430"
"2015-10-01 00:00:00","c","3677"
"2015-10-01 00:00:00","c#","12790"
"2015-10-01 00:00:00","c++","7046"
"2015-10-01 00:00:00","delphi","421"
"2015-10-01 00:00:00","go","426"
"2015-10-01 00:00:00","java","18533"
"2015-10-01 00:00:00","javascript","21809"
"2015-10-01 00:00:00","perl","497"
"2015-10-01 00:00:00","php","13876"
"2015-10-01 00:00:00","python","12465"
"2015-10-01 00:00:00","r","3679"
"2015-10-01 00:00:00","ruby","2193"
"2015-10-01 00:00:00","swift","4292"
"2015-11-01 00:00:00","assembly","403"
"2015-11-01 00:00:00","c","3610"
"2015-11-01 00:00:00","c#","12371"
"2015-11-01 00:00:00","c++","7080"
"2015-11-01 00:00:00","delphi","389"
"2015-11-01 00:00:00","go","433"
"2015-11-01 00:00:00","java","17758"
"2015-11-01 00:00:00","javascript","21256"
"2015-11-01 00:00:00","perl","463"
"2015-11-01 00:00:00","php","13286"
"2015-11-01 00:00:00","python","12277"
"2015-11-01 00:00:00","r","3538"
"2015-11-01 00:00:00","ruby","1956"
"2015-11-01 00:00:00","swift","4317"
"2015-12-01 00:00:00","assembly","352"
"2015-12-01 00:00:00","c","3086"
"2015-12-01 00:00:00","c#","12132"
"2015-12-01 00:00:00","c++","6557"
"2015-12-01 00:00:00","delphi","314"
"2015-12-01 00:00:00","go","418"
"2015-12-01 00:00:00","java","16538"
"2015-12-01 00:00:00","javascript","21064"
"2015-12-01 00:00:00","perl","477"
"2015-12-01 00:00:00","php","13689"
"2015-12-01 00:00:00","python","11634"
"2015-12-01 00:00:00","r","3178"
"2015-12-01 00:00:00","ruby","2028"
"2015-12-01 00:00:00","swift","4370"
"2016-01-01 00:00:00","assembly","247"
"2016-01-01 00:00:00","c","3041"
"2016-01-01 00:00:00","c#","12352"
"2016-01-01 00:00:00","c++","6094"
"2016-01-01 00:00:00","delphi","318"
"2016-01-01 00:00:00","go","494"
"2016-01-01 00:00:00","java","16608"
"2016-01-01 00:00:00","javascript","22494"
"2016-01-01 00:00:00","perl","445"
"2016-01-01 00:00:00","php","14531"
"2016-01-01 00:00:00","python","12337"
"2016-01-01 00:00:00","r","3535"
"2016-01-01 00:00:00","ruby","2143"
"2016-01-01 00:00:00","swift","4778"
"2016-02-01 00:00:00","assembly","347"
"2016-02-01 00:00:00","c","3274"
"2016-02-01 00:00:00","c#","12720"
"2016-02-01 00:00:00","c++","6548"
"2016-02-01 00:00:00","delphi","355"
"2016-02-01 00:00:00","go","541"
"2016-02-01 00:00:00","java","17833"
"2016-02-01 00:00:00","javascript","22459"
"2016-02-01 00:00:00","perl","500"
"2016-02-01 00:00:00","php","14870"
"2016-02-01 00:00:00","python","13229"
"2016-02-01 00:00:00","r","3587"
"2016-02-01 00:00:00","ruby","2248"
"2016-02-01 00:00:00","swift","4747"
"2016-03-01 00:00:00","assembly","436"
"2016-03-01 00:00:00","c","3442"
"2016-03-01 00:00:00","c#","13598"
"2016-03-01 00:00:00","c++","7012"
"2016-03-01 00:00:00","delphi","339"
"2016-03-01 00:00:00","go","593"
"2016-03-01 00:00:00","java","19886"
"2016-03-01 00:00:00","javascript","24078"
"2016-03-01 00:00:00","perl","467"
"2016-03-01 00:00:00","php","15082"
"2016-03-01 00:00:00","python","14051"
"2016-03-01 00:00:00","r","4041"
"2016-03-01 00:00:00","ruby","2256"
"2016-03-01 00:00:00","swift","5071"
"2016-04-01 00:00:00","assembly","413"
"2016-04-01 00:00:00","c","3349"
"2016-04-01 00:00:00","c#","13706"
"2016-04-01 00:00:00","c++","6883"
"2016-04-01 00:00:00","delphi","324"
"2016-04-01 00:00:00","go","602"
"2016-04-01 00:00:00","java","19460"
"2016-04-01 00:00:00","javascript","23435"
"2016-04-01 00:00:00","perl","492"
"2016-04-01 00:00:00","php","14430"
"2016-04-01 00:00:00","python","13631"
"2016-04-01 00:00:00","r","4125"
"2016-04-01 00:00:00","ruby","2214"
"2016-04-01 00:00:00","swift","4744"
"2016-05-01 00:00:00","assembly","324"
"2016-05-01 00:00:00","c","2720"
"2016-05-01 00:00:00","c#","13483"
"2016-05-01 00:00:00","c++","6124"
"2016-05-01 00:00:00","delphi","337"
"2016-05-01 00:00:00","go","579"
"2016-05-01 00:00:00","java","17001"
"2016-05-01 00:00:00","javascript","22975"
"2016-05-01 00:00:00","perl","486"
"2016-05-01 00:00:00","php","14394"
"2016-05-01 00:00:00","python","13090"
"2016-05-01 00:00:00","r","3796"
"2016-05-01 00:00:00","ruby","2131"
"2016-05-01 00:00:00","swift","4407"
"2016-06-01 00:00:00","assembly","290"
"2016-06-01 00:00:00","c","2298"
"2016-06-01 00:00:00","c#","13043"
"2016-06-01 00:00:00","c++","5711"
"2016-06-01 00:00:00","delphi","281"
"2016-06-01 00:00:00","go","548"
"2016-06-01 00:00:00","java","15896"
"2016-06-01 00:00:00","javascript","22132"
"2016-06-01 00:00:00","perl","435"
"2016-06-01 00:00:00","php","13568"
"2016-06-01 00:00:00","python","12898"
"2016-06-01 00:00:00","r","3860"
"2016-06-01 00:00:00","ruby","2107"
"2016-06-01 00:00:00","swift","4789"
"2016-07-01 00:00:00","assembly","202"
"2016-07-01 00:00:00","c","2345"
"2016-07-01 00:00:00","c#","11989"
"2016-07-01 00:00:00","c++","5461"
"2016-07-01 00:00:00","delphi","242"
"2016-07-01 00:00:00","go","536"
"2016-07-01 00:00:00","java","14921"
"2016-07-01 00:00:00","javascript","22193"
"2016-07-01 00:00:00","perl","413"
"2016-07-01 00:00:00","php","12875"
"2016-07-01 00:00:00","python","12804"
"2016-07-01 00:00:00","r","3745"
"2016-07-01 00:00:00","ruby","1899"
"2016-07-01 00:00:00","swift","4929"
"2016-08-01 00:00:00","assembly","256"
"2016-08-01 00:00:00","c","2212"
"2016-08-01 00:00:00","c#","12710"
"2016-08-01 00:00:00","c++","5012"
"2016-08-01 00:00:00","delphi","338"
"2016-08-01 00:00:00","go","572"
"2016-08-01 00:00:00","java","15165"
"2016-08-01 00:00:00","javascript","22647"
"2016-08-01 00:00:00","perl","460"
"2016-08-01 00:00:00","php","12841"
"2016-08-01 00:00:00","python","12895"
"2016-08-01 00:00:00","r","3783"
"2016-08-01 00:00:00","ruby","1875"
"2016-08-01 00:00:00","swift","4897"
"2016-09-01 00:00:00","assembly","335"
"2016-09-01 00:00:00","c","2509"
"2016-09-01 00:00:00","c#","11095"
"2016-09-01 00:00:00","c++","5134"
"2016-09-01 00:00:00","delphi","287"
"2016-09-01 00:00:00","go","511"
"2016-09-01 00:00:00","java","14649"
"2016-09-01 00:00:00","javascript","20430"
"2016-09-01 00:00:00","perl","462"
"2016-09-01 00:00:00","php","12104"
"2016-09-01 00:00:00","python","12327"
"2016-09-01 00:00:00","r","3300"
"2016-09-01 00:00:00","ruby","1923"
"2016-09-01 00:00:00","swift","4850"
"2016-10-01 00:00:00","assembly","398"
"2016-10-01 00:00:00","c","3205"
"2016-10-01 00:00:00","c#","11441"
"2016-10-01 00:00:00","c++","5962"
"2016-10-01 00:00:00","delphi","267"
"2016-10-01 00:00:00","go","532"
"2016-10-01 00:00:00","java","15308"
"2016-10-01 00:00:00","javascript","20429"
"2016-10-01 00:00:00","perl","402"
"2016-10-01 00:00:00","php","12228"
"2016-10-01 00:00:00","python","13486"
"2016-10-01 00:00:00","r","3786"
"2016-10-01 00:00:00","ruby","1820"
"2016-10-01 00:00:00","swift","4725"
"2016-11-01 00:00:00","assembly","412"
"2016-11-01 00:00:00","c","3260"
"2016-11-01 00:00:00","c#","11643"
"2016-11-01 00:00:00","c++","6066"
"2016-11-01 00:00:00","delphi","274"
"2016-11-01 00:00:00","go","476"
"2016-11-01 00:00:00","java","15636"
"2016-11-01 00:00:00","javascript","20492"
"2016-11-01 00:00:00","perl","371"
"2016-11-01 00:00:00","php","11899"
"2016-11-01 00:00:00","python","14160"
"2016-11-01 00:00:00","r","3559"
"2016-11-01 00:00:00","ruby","1756"
"2016-11-01 00:00:00","swift","4360"
"2016-12-01 00:00:00","assembly","314"
"2016-12-01 00:00:00","c","2792"
"2016-12-01 00:00:00","c#","10677"
"2016-12-01 00:00:00","c++","5220"
"2016-12-01 00:00:00","delphi","252"
"2016-12-01 00:00:00","go","496"
"2016-12-01 00:00:00","java","13828"
"2016-12-01 00:00:00","javascript","19777"
"2016-12-01 00:00:00","perl","336"
"2016-12-01 00:00:00","php","11442"
"2016-12-01 00:00:00","python","13024"
"2016-12-01 00:00:00","r","3149"
"2016-12-01 00:00:00","ruby","1627"
"2016-12-01 00:00:00","swift","3925"
"2017-01-01 00:00:00","assembly","306"
"2017-01-01 00:00:00","c","2754"
"2017-01-01 00:00:00","c#","11683"
"2017-01-01 00:00:00","c++","5643"
"2017-01-01 00:00:00","delphi","285"
"2017-01-01 00:00:00","go","559"
"2017-01-01 00:00:00","java","14540"
"2017-01-01 00:00:00","javascript","21372"
"2017-01-01 00:00:00","perl","325"
"2017-01-01 00:00:00","php","12567"
"2017-01-01 00:00:00","python","14245"
"2017-01-01 00:00:00","r","3484"
"2017-01-01 00:00:00","ruby","1821"
"2017-01-01 00:00:00","swift","4329"
"2017-02-01 00:00:00","assembly","301"
"2017-02-01 00:00:00","c","2725"
"2017-02-01 00:00:00","c#","11472"
"2017-02-01 00:00:00","c++","5162"
"2017-02-01 00:00:00","delphi","303"
"2017-02-01 00:00:00","go","553"
"2017-02-01 00:00:00","java","14539"
"2017-02-01 00:00:00","javascript","21165"
"2017-02-01 00:00:00","perl","398"
"2017-02-01 00:00:00","php","12443"
"2017-02-01 00:00:00","python","14753"
"2017-02-01 00:00:00","r","3673"
"2017-02-01 00:00:00","ruby","1623"
"2017-02-01 00:00:00","swift","4048"
"2017-03-01 00:00:00","assembly","371"
"2017-03-01 00:00:00","c","2963"
"2017-03-01 00:00:00","c#","12974"
"2017-03-01 00:00:00","c++","6213"
"2017-03-01 00:00:00","delphi","304"
"2017-03-01 00:00:00","go","651"
"2017-03-01 00:00:00","java","17285"
"2017-03-01 00:00:00","javascript","23678"
"2017-03-01 00:00:00","perl","409"
"2017-03-01 00:00:00","php","13994"
"2017-03-01 00:00:00","python","17108"
"2017-03-01 00:00:00","r","4600"
"2017-03-01 00:00:00","ruby","1790"
"2017-03-01 00:00:00","swift","4607"
"2017-04-01 00:00:00","assembly","316"
"2017-04-01 00:00:00","c","2849"
"2017-04-01 00:00:00","c#","11079"
"2017-04-01 00:00:00","c++","5867"
"2017-04-01 00:00:00","delphi","264"
"2017-04-01 00:00:00","go","507"
"2017-04-01 00:00:00","java","15911"
"2017-04-01 00:00:00","javascript","21212"
"2017-04-01 00:00:00","perl","369"
"2017-04-01 00:00:00","php","12355"
"2017-04-01 00:00:00","python","15624"
"2017-04-01 00:00:00","r","4262"
"2017-04-01 00:00:00","ruby","1488"
"2017-04-01 00:00:00","swift","3908"
"2017-05-01 00:00:00","assembly","348"
"2017-05-01 00:00:00","c","2742"
"2017-05-01 00:00:00","c#","11966"
"2017-05-01 00:00:00","c++","5293"
"2017-05-01 00:00:00","delphi","317"
"2017-05-01 00:00:00","go","583"
"2017-05-01 00:00:00","java","16316"
"2017-05-01 00:00:00","javascript","22371"
"2017-05-01 00:00:00","perl","355"
"2017-05-01 00:00:00","php","12992"
"2017-05-01 00:00:00","python","16156"
"2017-05-01 00:00:00","r","4313"
"2017-05-01 00:00:00","ruby","1520"
"2017-05-01 00:00:00","swift","4089"
"2017-06-01 00:00:00","assembly","240"
"2017-06-01 00:00:00","c","2347"
"2017-06-01 00:00:00","c#","11289"
"2017-06-01 00:00:00","c++","4676"
"2017-06-01 00:00:00","delphi","245"
"2017-06-01 00:00:00","go","572"
"2017-06-01 00:00:00","java","14596"
"2017-06-01 00:00:00","javascript","21551"
"2017-06-01 00:00:00","perl","312"
"2017-06-01 00:00:00","php","11692"
"2017-06-01 00:00:00","python","15982"
"2017-06-01 00:00:00","r","4446"
"2017-06-01 00:00:00","ruby","1415"
"2017-06-01 00:00:00","swift","4192"
"2017-07-01 00:00:00","assembly","220"
"2017-07-01 00:00:00","c","2040"
"2017-07-01 00:00:00","c#","11192"
"2017-07-01 00:00:00","c++","5010"
"2017-07-01 00:00:00","delphi","207"
"2017-07-01 00:00:00","go","655"
"2017-07-01 00:00:00","java","14100"
"2017-07-01 00:00:00","javascript","21585"
"2017-07-01 00:00:00","perl","324"
"2017-07-01 00:00:00","php","11711"
"2017-07-01 00:00:00","python","16886"
"2017-07-01 00:00:00","r","4577"
"2017-07-01 00:00:00","ruby","1521"
"2017-07-01 00:00:00","swift","4344"
"2017-08-01 00:00:00","assembly","216"
"2017-08-01 00:00:00","c","2037"
"2017-08-01 00:00:00","c#","10939"
"2017-08-01 00:00:00","c++","4786"
"2017-08-01 00:00:00","delphi","290"
"2017-08-01 00:00:00","go","607"
"2017-08-01 00:00:00","java","13739"
"2017-08-01 00:00:00","javascript","21316"
"2017-08-01 00:00:00","perl","356"
"2017-08-01 00:00:00","php","11586"
"2017-08-01 00:00:00","python","16461"
"2017-08-01 00:00:00","r","4566"
"2017-08-01 00:00:00","ruby","1392"
"2017-08-01 00:00:00","swift","4174"
"2017-09-01 00:00:00","assembly","229"
"2017-09-01 00:00:00","c","2098"
"2017-09-01 00:00:00","c#","9860"
"2017-09-01 00:00:00","c++","4462"
"2017-09-01 00:00:00","delphi","261"
"2017-09-01 00:00:00","go","544"
"2017-09-01 00:00:00","java","12731"
"2017-09-01 00:00:00","javascript","18967"
"2017-09-01 00:00:00","perl","297"
"2017-09-01 00:00:00","php","10642"
"2017-09-01 00:00:00","python","15431"
"2017-09-01 00:00:00","r","4220"
"2017-09-01 00:00:00","ruby","1222"
"2017-09-01 00:00:00","swift","3756"
"2017-10-01 00:00:00","assembly","332"
"2017-10-01 00:00:00","c","2772"
"2017-10-01 00:00:00","c#","10215"
"2017-10-01 00:00:00","c++","5211"
"2017-10-01 00:00:00","delphi","221"
"2017-10-01 00:00:00","go","614"
"2017-10-01 00:00:00","java","13980"
"2017-10-01 00:00:00","javascript","19833"
"2017-10-01 00:00:00","perl","333"
"2017-10-01 00:00:00","php","10778"
"2017-10-01 00:00:00","python","16923"
"2017-10-01 00:00:00","r","4542"
"2017-10-01 00:00:00","ruby","1298"
"2017-10-01 00:00:00","swift","3893"
"2017-11-01 00:00:00","assembly","385"
"2017-11-01 00:00:00","c","2948"
"2017-11-01 00:00:00","c#","9777"
"2017-11-01 00:00:00","c++","5031"
"2017-11-01 00:00:00","delphi","200"
"2017-11-01 00:00:00","go","655"
"2017-11-01 00:00:00","java","14153"
"2017-11-01 00:00:00","javascript","19385"
"2017-11-01 00:00:00","perl","264"
"2017-11-01 00:00:00","php","10552"
"2017-11-01 00:00:00","python","16939"
"2017-11-01 00:00:00","r","4501"
"2017-11-01 00:00:00","ruby","1174"
"2017-11-01 00:00:00","swift","3662"
"2017-12-01 00:00:00","assembly","247"
"2017-12-01 00:00:00","c","2191"
"2017-12-01 00:00:00","c#","8584"
"2017-12-01 00:00:00","c++","4452"
"2017-12-01 00:00:00","delphi","187"
"2017-12-01 00:00:00","go","524"
"2017-12-01 00:00:00","java","11963"
"2017-12-01 00:00:00","javascript","16944"
"2017-12-01 00:00:00","perl","237"
"2017-12-01 00:00:00","php","9086"
"2017-12-01 00:00:00","python","14904"
"2017-12-01 00:00:00","r","3713"
"2017-12-01 00:00:00","ruby","1018"
"2017-12-01 00:00:00","swift","3196"
"2018-01-01 00:00:00","assembly","253"
"2018-01-01 00:00:00","c","2212"
"2018-01-01 00:00:00","c#","9359"
"2018-01-01 00:00:00","c++","4747"
"2018-01-01 00:00:00","delphi","195"
"2018-01-01 00:00:00","go","542"
"2018-01-01 00:00:00","java","12324"
"2018-01-01 00:00:00","javascript","18879"
"2018-01-01 00:00:00","perl","245"
"2018-01-01 00:00:00","php","10065"
"2018-01-01 00:00:00","python","16213"
"2018-01-01 00:00:00","r","4197"
"2018-01-01 00:00:00","ruby","1160"
"2018-01-01 00:00:00","swift","3736"
"2018-02-01 00:00:00","assembly","281"
"2018-02-01 00:00:00","c","2141"
"2018-02-01 00:00:00","c#","8568"
"2018-02-01 00:00:00","c++","4566"
"2018-02-01 00:00:00","delphi","213"
"2018-02-01 00:00:00","go","581"
"2018-02-01 00:00:00","java","12015"
"2018-02-01 00:00:00","javascript","17202"
"2018-02-01 00:00:00","perl","231"
"2018-02-01 00:00:00","php","9084"
"2018-02-01 00:00:00","python","16284"
"2018-02-01 00:00:00","r","4499"
"2018-02-01 00:00:00","ruby","1031"
"2018-02-01 00:00:00","swift","3399"
"2018-03-01 00:00:00","assembly","317"
"2018-03-01 00:00:00","c","2460"
"2018-03-01 00:00:00","c#","9775"
"2018-03-01 00:00:00","c++","5173"
"2018-03-01 00:00:00","delphi","218"
"2018-03-01 00:00:00","go","603"
"2018-03-01 00:00:00","java","13539"
"2018-03-01 00:00:00","javascript","19129"
"2018-03-01 00:00:00","perl","288"
"2018-03-01 00:00:00","php","9782"
"2018-03-01 00:00:00","python","17881"
"2018-03-01 00:00:00","r","5103"
"2018-03-01 00:00:00","ruby","1061"
"2018-03-01 00:00:00","swift","4042"
"2018-04-01 00:00:00","assembly","321"
"2018-04-01 00:00:00","c","2182"
"2018-04-01 00:00:00","c#","9228"
"2018-04-01 00:00:00","c++","4658"
"2018-04-01 00:00:00","delphi","204"
"2018-04-01 00:00:00","go","619"
"2018-04-01 00:00:00","java","13463"
"2018-04-01 00:00:00","javascript","17940"
"2018-04-01 00:00:00","perl","253"
"2018-04-01 00:00:00","php","8900"
"2018-04-01 00:00:00","python","16950"
"2018-04-01 00:00:00","r","4728"
"2018-04-01 00:00:00","ruby","985"
"2018-04-01 00:00:00","swift","3565"
"2018-05-01 00:00:00","assembly","295"
"2018-05-01 00:00:00","c","2365"
"2018-05-01 00:00:00","c#","9914"
"2018-05-01 00:00:00","c++","4680"
"2018-05-01 00:00:00","delphi","193"
"2018-05-01 00:00:00","go","630"
"2018-05-01 00:00:00","java","13440"
"2018-05-01 00:00:00","javascript","18048"
"2018-05-01 00:00:00","perl","242"
"2018-05-01 00:00:00","php","9405"
"2018-05-01 00:00:00","python","17546"
"2018-05-01 00:00:00","r","4730"
"2018-05-01 00:00:00","ruby","1035"
"2018-05-01 00:00:00","swift","3612"
"2018-06-01 00:00:00","assembly","205"
"2018-06-01 00:00:00","c","1831"
"2018-06-01 00:00:00","c#","8778"
"2018-06-01 00:00:00","c++","4086"
"2018-06-01 00:00:00","delphi","186"
"2018-06-01 00:00:00","go","674"
"2018-06-01 00:00:00","java","11768"
"2018-06-01 00:00:00","javascript","17168"
"2018-06-01 00:00:00","perl","238"
"2018-06-01 00:00:00","php","8388"
"2018-06-01 00:00:00","python","16778"
"2018-06-01 00:00:00","r","4482"
"2018-06-01 00:00:00","ruby","989"
"2018-06-01 00:00:00","swift","3137"
"2018-07-01 00:00:00","assembly","182"
"2018-07-01 00:00:00","c","1597"
"2018-07-01 00:00:00","c#","9389"
"2018-07-01 00:00:00","c++","3906"
"2018-07-01 00:00:00","delphi","206"
"2018-07-01 00:00:00","go","691"
"2018-07-01 00:00:00","java","11727"
"2018-07-01 00:00:00","javascript","17798"
"2018-07-01 00:00:00","perl","246"
"2018-07-01 00:00:00","php","8518"
"2018-07-01 00:00:00","python","17918"
"2018-07-01 00:00:00","r","4404"
"2018-07-01 00:00:00","ruby","940"
"2018-07-01 00:00:00","swift","3665"
"2018-08-01 00:00:00","assembly","176"
"2018-08-01 00:00:00","c","1678"
"2018-08-01 00:00:00","c#","9473"
"2018-08-01 00:00:00","c++","3900"
"2018-08-01 00:00:00","delphi","204"
"2018-08-01 00:00:00","go","704"
"2018-08-01 00:00:00","java","11287"
"2018-08-01 00:00:00","javascript","17840"
"2018-08-01 00:00:00","perl","227"
"2018-08-01 00:00:00","php","8436"
"2018-08-01 00:00:00","python","17720"
"2018-08-01 00:00:00","r","4100"
"2018-08-01 00:00:00","ruby","878"
"2018-08-01 00:00:00","swift","3562"
"2018-09-01 00:00:00","assembly","255"
"2018-09-01 00:00:00","c","1830"
"2018-09-01 00:00:00","c#","8348"
"2018-09-01 00:00:00","c++","3734"
"2018-09-01 00:00:00","delphi","181"
"2018-09-01 00:00:00","go","671"
"2018-09-01 00:00:00","java","10699"
"2018-09-01 00:00:00","javascript","15986"
"2018-09-01 00:00:00","perl","205"
"2018-09-01 00:00:00","php","7621"
"2018-09-01 00:00:00","python","15999"
"2018-09-01 00:00:00","r","3749"
"2018-09-01 00:00:00","ruby","777"
"2018-09-01 00:00:00","swift","3134"
"2018-10-01 00:00:00","assembly","320"
"2018-10-01 00:00:00","c","2444"
"2018-10-01 00:00:00","c#","9325"
"2018-10-01 00:00:00","c++","4297"
"2018-10-01 00:00:00","delphi","222"
"2018-10-01 00:00:00","go","790"
"2018-10-01 00:00:00","java","12474"
"2018-10-01 00:00:00","javascript","17390"
"2018-10-01 00:00:00","perl","277"
"2018-10-01 00:00:00","php","8122"
"2018-10-01 00:00:00","python","18124"
"2018-10-01 00:00:00","r","4353"
"2018-10-01 00:00:00","ruby","897"
"2018-10-01 00:00:00","swift","3263"
"2018-11-01 00:00:00","assembly","301"
"2018-11-01 00:00:00","c","2516"
"2018-11-01 00:00:00","c#","8457"
"2018-11-01 00:00:00","c++","4334"
"2018-11-01 00:00:00","delphi","179"
"2018-11-01 00:00:00","go","717"
"2018-11-01 00:00:00","java","11676"
"2018-11-01 00:00:00","javascript","16157"
"2018-11-01 00:00:00","perl","235"
"2018-11-01 00:00:00","php","7042"
"2018-11-01 00:00:00","python","17990"
"2018-11-01 00:00:00","r","4223"
"2018-11-01 00:00:00","ruby","833"
"2018-11-01 00:00:00","swift","2974"
"2018-12-01 00:00:00","assembly","221"
"2018-12-01 00:00:00","c","2188"
"2018-12-01 00:00:00","c#","7533"
"2018-12-01 00:00:00","c++","3550"
"2018-12-01 00:00:00","delphi","175"
"2018-12-01 00:00:00","go","656"
"2018-12-01 00:00:00","java","10420"
"2018-12-01 00:00:00","javascript","14251"
"2018-12-01 00:00:00","perl","220"
"2018-12-01 00:00:00","php","6172"
"2018-12-01 00:00:00","python","15706"
"2018-12-01 00:00:00","r","3397"
"2018-12-01 00:00:00","ruby","806"
"2018-12-01 00:00:00","swift","2777"
"2019-01-01 00:00:00","assembly","218"
"2019-01-01 00:00:00","c","2275"
"2019-01-01 00:00:00","c#","8728"
"2019-01-01 00:00:00","c++","3901"
"2019-01-01 00:00:00","delphi","215"
"2019-01-01 00:00:00","go","657"
"2019-01-01 00:00:00","java","10997"
"2019-01-01 00:00:00","javascript","16003"
"2019-01-01 00:00:00","perl","264"
"2019-01-01 00:00:00","php","7136"
"2019-01-01 00:00:00","python","16922"
"2019-01-01 00:00:00","r","3941"
"2019-01-01 00:00:00","ruby","916"
"2019-01-01 00:00:00","swift","2899"
"2019-02-01 00:00:00","assembly","224"
"2019-02-01 00:00:00","c","2051"
"2019-02-01 00:00:00","c#","8334"
"2019-02-01 00:00:00","c++","3724"
"2019-02-01 00:00:00","delphi","190"
"2019-02-01 00:00:00","go","628"
"2019-02-01 00:00:00","java","10967"
"2019-02-01 00:00:00","javascript","15666"
"2019-02-01 00:00:00","perl","250"
"2019-02-01 00:00:00","php","7233"
"2019-02-01 00:00:00","python","17498"
"2019-02-01 00:00:00","r","4243"
"2019-02-01 00:00:00","ruby","786"
"2019-02-01 00:00:00","swift","2674"
"2019-03-01 00:00:00","assembly","276"
"2019-03-01 00:00:00","c","2374"
"2019-03-01 00:00:00","c#","8943"
"2019-03-01 00:00:00","c++","4419"
"2019-03-01 00:00:00","delphi","186"
"2019-03-01 00:00:00","go","721"
"2019-03-01 00:00:00","java","12009"
"2019-03-01 00:00:00","javascript","17302"
"2019-03-01 00:00:00","perl","231"
"2019-03-01 00:00:00","php","7741"
"2019-03-01 00:00:00","python","19862"
"2019-03-01 00:00:00","r","4486"
"2019-03-01 00:00:00","ruby","843"
"2019-03-01 00:00:00","swift","2941"
"2019-04-01 00:00:00","assembly","303"
"2019-04-01 00:00:00","c","2426"
"2019-04-01 00:00:00","c#","9092"
"2019-04-01 00:00:00","c++","4368"
"2019-04-01 00:00:00","delphi","204"
"2019-04-01 00:00:00","go","650"
"2019-04-01 00:00:00","java","11137"
"2019-04-01 00:00:00","javascript","16138"
"2019-04-01 00:00:00","perl","205"
"2019-04-01 00:00:00","php","7123"
"2019-04-01 00:00:00","python","19804"
"2019-04-01 00:00:00","r","4593"
"2019-04-01 00:00:00","ruby","767"
"2019-04-01 00:00:00","swift","3066"
"2019-05-01 00:00:00","assembly","234"
"2019-05-01 00:00:00","c","2087"
"2019-05-01 00:00:00","c#","9001"
"2019-05-01 00:00:00","c++","4117"
"2019-05-01 00:00:00","delphi","170"
"2019-05-01 00:00:00","go","673"
"2019-05-01 00:00:00","java","11060"
"2019-05-01 00:00:00","javascript","16111"
"2019-05-01 00:00:00","perl","221"
"2019-05-01 00:00:00","php","6904"
"2019-05-01 00:00:00","python","18874"
"2019-05-01 00:00:00","r","4291"
"2019-05-01 00:00:00","ruby","760"
"2019-05-01 00:00:00","swift","3096"
"2019-06-01 00:00:00","assembly","199"
"2019-06-01 00:00:00","c","1724"
"2019-06-01 00:00:00","c#","7588"
"2019-06-01 00:00:00","c++","3635"
"2019-06-01 00:00:00","delphi","134"
"2019-06-01 00:00:00","go","526"
"2019-06-01 00:00:00","java","9609"
"2019-06-01 00:00:00","javascript","14776"
"2019-06-01 00:00:00","perl","235"
"2019-06-01 00:00:00","php","5974"
"2019-06-01 00:00:00","python","17190"
"2019-06-01 00:00:00","r","3941"
"2019-06-01 00:00:00","ruby","703"
"2019-06-01 00:00:00","swift","3082"
"2019-07-01 00:00:00","assembly","187"
"2019-07-01 00:00:00","c","1749"
"2019-07-01 00:00:00","c#","8426"
"2019-07-01 00:00:00","c++","4261"
"2019-07-01 00:00:00","delphi","164"
"2019-07-01 00:00:00","go","625"
"2019-07-01 00:00:00","java","10805"
"2019-07-01 00:00:00","javascript","16119"
"2019-07-01 00:00:00","perl","236"
"2019-07-01 00:00:00","php","6628"
"2019-07-01 00:00:00","python","19723"
"2019-07-01 00:00:00","r","4196"
"2019-07-01 00:00:00","ruby","758"
"2019-07-01 00:00:00","swift","3030"
"2019-08-01 00:00:00","assembly","166"
"2019-08-01 00:00:00","c","1546"
"2019-08-01 00:00:00","c#","7692"
"2019-08-01 00:00:00","c++","3282"
"2019-08-01 00:00:00","delphi","174"
"2019-08-01 00:00:00","go","630"
"2019-08-01 00:00:00","java","9061"
"2019-08-01 00:00:00","javascript","15183"
"2019-08-01 00:00:00","perl","192"
"2019-08-01 00:00:00","php","5773"
"2019-08-01 00:00:00","python","17996"
"2019-08-01 00:00:00","r","3947"
"2019-08-01 00:00:00","ruby","779"
"2019-08-01 00:00:00","swift","2533"
"2019-09-01 00:00:00","assembly","221"
"2019-09-01 00:00:00","c","2000"
"2019-09-01 00:00:00","c#","7829"
"2019-09-01 00:00:00","c++","3773"
"2019-09-01 00:00:00","delphi","145"
"2019-09-01 00:00:00","go","616"
"2019-09-01 00:00:00","java","9641"
"2019-09-01 00:00:00","javascript","14841"
"2019-09-01 00:00:00","perl","199"
"2019-09-01 00:00:00","php","5528"
"2019-09-01 00:00:00","python","16846"
"2019-09-01 00:00:00","r","3933"
"2019-09-01 00:00:00","ruby","715"
"2019-09-01 00:00:00","swift","2549"
"2019-10-01 00:00:00","assembly","317"
"2019-10-01 00:00:00","c","2475"
"2019-10-01 00:00:00","c#","8398"
"2019-10-01 00:00:00","c++","4828"
"2019-10-01 00:00:00","delphi","151"
"2019-10-01 00:00:00","go","633"
"2019-10-01 00:00:00","java","11176"
"2019-10-01 00:00:00","javascript","15947"
"2019-10-01 00:00:00","perl","208"
"2019-10-01 00:00:00","php","6009"
"2019-10-01 00:00:00","python","20406"
"2019-10-01 00:00:00","r","4379"
"2019-10-01 00:00:00","ruby","848"
"2019-10-01 00:00:00","swift","3094"
"2019-11-01 00:00:00","assembly","282"
"2019-11-01 00:00:00","c","2504"
"2019-11-01 00:00:00","c#","8006"
"2019-11-01 00:00:00","c++","4718"
"2019-11-01 00:00:00","delphi","171"
"2019-11-01 00:00:00","go","603"
"2019-11-01 00:00:00","java","10290"
"2019-11-01 00:00:00","javascript","15732"
"2019-11-01 00:00:00","perl","219"
"2019-11-01 00:00:00","php","6053"
"2019-11-01 00:00:00","python","20547"
"2019-11-01 00:00:00","r","4280"
"2019-11-01 00:00:00","ruby","684"
"2019-11-01 00:00:00","swift","2866"
"2019-12-01 00:00:00","assembly","247"
"2019-12-01 00:00:00","c","2139"
"2019-12-01 00:00:00","c#","7190"
"2019-12-01 00:00:00","c++","4190"
"2019-12-01 00:00:00","delphi","126"
"2019-12-01 00:00:00","go","614"
"2019-12-01 00:00:00","java","8996"
"2019-12-01 00:00:00","javascript","14287"
"2019-12-01 00:00:00","perl","157"
"2019-12-01 00:00:00","php","5191"
"2019-12-01 00:00:00","python","18066"
"2019-12-01 00:00:00","r","3737"
"2019-12-01 00:00:00","ruby","667"
"2019-12-01 00:00:00","swift","2655"
"2020-01-01 00:00:00","assembly","229"
"2020-01-01 00:00:00","c","2049"
"2020-01-01 00:00:00","c#","7781"
"2020-01-01 00:00:00","c++","4221"
"2020-01-01 00:00:00","delphi","163"
"2020-01-01 00:00:00","go","647"
"2020-01-01 00:00:00","java","9919"
"2020-01-01 00:00:00","javascript","15986"
"2020-01-01 00:00:00","perl","165"
"2020-01-01 00:00:00","php","5865"
"2020-01-01 00:00:00","python","19927"
"2020-01-01 00:00:00","r","4142"
"2020-01-01 00:00:00","ruby","761"
"2020-01-01 00:00:00","swift","2892"
"2020-02-01 00:00:00","assembly","271"
"2020-02-01 00:00:00","c","1976"
"2020-02-01 00:00:00","c#","7699"
"2020-02-01 00:00:00","c++","4071"
"2020-02-01 00:00:00","delphi","156"
"2020-02-01 00:00:00","go","661"
"2020-02-01 00:00:00","java","10014"
"2020-02-01 00:00:00","javascript","15717"
"2020-02-01 00:00:00","perl","178"
"2020-02-01 00:00:00","php","5632"
"2020-02-01 00:00:00","python","19989"
"2020-02-01 00:00:00","r","4669"
"2020-02-01 00:00:00","ruby","653"
"2020-02-01 00:00:00","swift","2756"
"2020-03-01 00:00:00","assembly","293"
"2020-03-01 00:00:00","c","2475"
"2020-03-01 00:00:00","c#","7775"
"2020-03-01 00:00:00","c++","4634"
"2020-03-01 00:00:00","delphi","167"
"2020-03-01 00:00:00","go","652"
"2020-03-01 00:00:00","java","11031"
"2020-03-01 00:00:00","javascript","17537"
"2020-03-01 00:00:00","perl","196"
"2020-03-01 00:00:00","php","5632"
"2020-03-01 00:00:00","python","22610"
"2020-03-01 00:00:00","r","5117"
"2020-03-01 00:00:00","ruby","711"
"2020-03-01 00:00:00","swift","2906"
"2020-04-01 00:00:00","assembly","378"
"2020-04-01 00:00:00","c","3248"
"2020-04-01 00:00:00","c#","8563"
"2020-04-01 00:00:00","c++","6201"
"2020-04-01 00:00:00","delphi","231"
"2020-04-01 00:00:00","go","795"
"2020-04-01 00:00:00","java","12576"
"2020-04-01 00:00:00","javascript","20857"
"2020-04-01 00:00:00","perl","220"
"2020-04-01 00:00:00","php","6589"
"2020-04-01 00:00:00","python","27572"
"2020-04-01 00:00:00","r","6166"
"2020-04-01 00:00:00","ruby","766"
"2020-04-01 00:00:00","swift","3440"
"2020-05-01 00:00:00","assembly","358"
"2020-05-01 00:00:00","c","3362"
"2020-05-01 00:00:00","c#","8576"
"2020-05-01 00:00:00","c++","6387"
"2020-05-01 00:00:00","delphi","201"
"2020-05-01 00:00:00","go","751"
"2020-05-01 00:00:00","java","11996"
"2020-05-01 00:00:00","javascript","21446"
"2020-05-01 00:00:00","perl","214"
"2020-05-01 00:00:00","php","6483"
"2020-05-01 00:00:00","python","29378"
"2020-05-01 00:00:00","r","6005"
"2020-05-01 00:00:00","ruby","695"
"2020-05-01 00:00:00","swift","3512"
"2020-06-01 00:00:00","assembly","329"
"2020-06-01 00:00:00","c","2583"
"2020-06-01 00:00:00","c#","7885"
"2020-06-01 00:00:00","c++","5612"
"2020-06-01 00:00:00","delphi","202"
"2020-06-01 00:00:00","go","706"
"2020-06-01 00:00:00","java","10800"
"2020-06-01 00:00:00","javascript","19772"
"2020-06-01 00:00:00","perl","198"
"2020-06-01 00:00:00","php","5900"
"2020-06-01 00:00:00","python","27052"
"2020-06-01 00:00:00","r","5432"
"2020-06-01 00:00:00","ruby","613"
"2020-06-01 00:00:00","swift","3152"
"2020-07-01 00:00:00","assembly","271"
"2020-07-01 00:00:00","c","2094"
"2020-07-01 00:00:00","c#","7794"
"2020-07-01 00:00:00","c++","5160"
"2020-07-01 00:00:00","delphi","193"
"2020-07-01 00:00:00","go","642"
"2020-07-01 00:00:00","java","10423"
"2020-07-01 00:00:00","javascript","19853"
"2020-07-01 00:00:00","perl","176"
"2020-07-01 00:00:00","php","5912"
"2020-07-01 00:00:00","python","26241"
"2020-07-01 00:00:00","r","4935"
"2020-07-01 00:00:00","ruby","697"
"2020-07-01 00:00:00","swift","2981"
"2020-08-01 00:00:00","assembly","265"
"2020-08-01 00:00:00","c","1890"
"2020-08-01 00:00:00","c#","7048"
"2020-08-01 00:00:00","c++","4770"
"2020-08-01 00:00:00","delphi","182"
"2020-08-01 00:00:00","go","707"
"2020-08-01 00:00:00","java","9290"
"2020-08-01 00:00:00","javascript","18003"
"2020-08-01 00:00:00","perl","192"
"2020-08-01 00:00:00","php","4953"
"2020-08-01 00:00:00","python","22980"
"2020-08-01 00:00:00","r","4494"
"2020-08-01 00:00:00","ruby","553"
"2020-08-01 00:00:00","swift","2673"
"2020-09-01 00:00:00","assembly","294"
"2020-09-01 00:00:00","c","2146"
"2020-09-01 00:00:00","c#","6444"
"2020-09-01 00:00:00","c++","3912"
"2020-09-01 00:00:00","delphi","172"
"2020-09-01 00:00:00","go","728"
"2020-09-01 00:00:00","java","8917"
"2020-09-01 00:00:00","javascript","16757"
"2020-09-01 00:00:00","perl","166"
"2020-09-01 00:00:00","php","4753"
"2020-09-01 00:00:00","python","21700"
"2020-09-01 00:00:00","r","4751"
"2020-09-01 00:00:00","ruby","513"
"2020-09-01 00:00:00","swift","2551"
"2020-10-01 00:00:00","assembly","343"
"2020-10-01 00:00:00","c","2366"
"2020-10-01 00:00:00","c#","6183"
"2020-10-01 00:00:00","c++","4320"
"2020-10-01 00:00:00","delphi","180"
"2020-10-01 00:00:00","go","590"
"2020-10-01 00:00:00","java","8915"
"2020-10-01 00:00:00","javascript","16400"
"2020-10-01 00:00:00","perl","171"
"2020-10-01 00:00:00","php","4559"
"2020-10-01 00:00:00","python","22760"
"2020-10-01 00:00:00","r","5065"
"2020-10-01 00:00:00","ruby","491"
"2020-10-01 00:00:00","swift","2314"
"2020-11-01 00:00:00","assembly","374"
"2020-11-01 00:00:00","c","2691"
"2020-11-01 00:00:00","c#","5969"
"2020-11-01 00:00:00","c++","4310"
"2020-11-01 00:00:00","delphi","193"
"2020-11-01 00:00:00","go","525"
"2020-11-01 00:00:00","java","8457"
"2020-11-01 00:00:00","javascript","15492"
"2020-11-01 00:00:00","perl","150"
"2020-11-01 00:00:00","php","4601"
"2020-11-01 00:00:00","python","22120"
"2020-11-01 00:00:00","r","4799"
"2020-11-01 00:00:00","ruby","501"
"2020-11-01 00:00:00","swift","2158"
"2020-12-01 00:00:00","assembly","299"
"2020-12-01 00:00:00","c","2638"
"2020-12-01 00:00:00","c#","5723"
"2020-12-01 00:00:00","c++","4443"
"2020-12-01 00:00:00","delphi","190"
"2020-12-01 00:00:00","go","535"
"2020-12-01 00:00:00","java","7793"
"2020-12-01 00:00:00","javascript","15993"
"2020-12-01 00:00:00","perl","131"
"2020-12-01 00:00:00","php","4768"
"2020-12-01 00:00:00","python","22132"
"2020-12-01 00:00:00","r","4335"
"2020-12-01 00:00:00","ruby","500"
"2020-12-01 00:00:00","swift","2093"
"2021-01-01 00:00:00","assembly","308"
"2021-01-01 00:00:00","c","2565"
"2021-01-01 00:00:00","c#","6183"
"2021-01-01 00:00:00","c++","4098"
"2021-01-01 00:00:00","delphi","199"
"2021-01-01 00:00:00","go","567"
"2021-01-01 00:00:00","java","8008"
"2021-01-01 00:00:00","javascript","16851"
"2021-01-01 00:00:00","perl","145"
"2021-01-01 00:00:00","php","4733"
"2021-01-01 00:00:00","python","22828"
"2021-01-01 00:00:00","r","4339"
"2021-01-01 00:00:00","ruby","522"
"2021-01-01 00:00:00","swift","2307"
"2021-02-01 00:00:00","assembly","244"
"2021-02-01 00:00:00","c","2234"
"2021-02-01 00:00:00","c#","5786"
"2021-02-01 00:00:00","c++","4087"
"2021-02-01 00:00:00","delphi","187"
"2021-02-01 00:00:00","go","567"
"2021-02-01 00:00:00","java","7567"
"2021-02-01 00:00:00","javascript","15259"
"2021-02-01 00:00:00","perl","133"
"2021-02-01 00:00:00","php","4359"
"2021-02-01 00:00:00","python","21372"
"2021-02-01 00:00:00","r","4323"
"2021-02-01 00:00:00","ruby","530"
"2021-02-01 00:00:00","swift","2254"
"2021-03-01 00:00:00","assembly","321"
"2021-03-01 00:00:00","c","2481"
"2021-03-01 00:00:00","c#","6376"
"2021-03-01 00:00:00","c++","4290"
"2021-03-01 00:00:00","delphi","254"
"2021-03-01 00:00:00","go","756"
"2021-03-01 00:00:00","java","8648"
"2021-03-01 00:00:00","javascript","16741"
"2021-03-01 00:00:00","perl","152"
"2021-03-01 00:00:00","php","4725"
"2021-03-01 00:00:00","python","23778"
"2021-03-01 00:00:00","r","5167"
"2021-03-01 00:00:00","ruby","497"
"2021-03-01 00:00:00","swift","2377"
"2021-04-01 00:00:00","assembly","320"
"2021-04-01 00:00:00","c","2292"
"2021-04-01 00:00:00","c#","5887"
"2021-04-01 00:00:00","c++","3930"
"2021-04-01 00:00:00","delphi","171"
"2021-04-01 00:00:00","go","625"
"2021-04-01 00:00:00","java","7902"
"2021-04-01 00:00:00","javascript","15833"
"2021-04-01 00:00:00","perl","136"
"2021-04-01 00:00:00","php","4293"
"2021-04-01 00:00:00","python","22359"
"2021-04-01 00:00:00","r","4793"
"2021-04-01 00:00:00","ruby","517"
"2021-04-01 00:00:00","swift","2111"
"2021-05-01 00:00:00","assembly","300"
"2021-05-01 00:00:00","c","2083"
"2021-05-01 00:00:00","c#","5724"
"2021-05-01 00:00:00","c++","4177"
"2021-05-01 00:00:00","delphi","169"
"2021-05-01 00:00:00","go","642"
"2021-05-01 00:00:00","java","7931"
"2021-05-01 00:00:00","javascript","15793"
"2021-05-01 00:00:00","perl","120"
"2021-05-01 00:00:00","php","4234"
"2021-05-01 00:00:00","python","22346"
"2021-05-01 00:00:00","r","4663"
"2021-05-01 00:00:00","ruby","399"
"2021-05-01 00:00:00","swift","1857"
"2021-06-01 00:00:00","assembly","260"
"2021-06-01 00:00:00","c","1863"
"2021-06-01 00:00:00","c#","5617"
"2021-06-01 00:00:00","c++","3811"
"2021-06-01 00:00:00","delphi","125"
"2021-06-01 00:00:00","go","608"
"2021-06-01 00:00:00","java","7565"
"2021-06-01 00:00:00","javascript","14984"
"2021-06-01 00:00:00","perl","154"
"2021-06-01 00:00:00","php","4057"
"2021-06-01 00:00:00","python","20845"
"2021-06-01 00:00:00","r","4277"
"2021-06-01 00:00:00","ruby","418"
"2021-06-01 00:00:00","swift","1785"
"2021-07-01 00:00:00","assembly","183"
"2021-07-01 00:00:00","c","1616"
"2021-07-01 00:00:00","c#","5198"
"2021-07-01 00:00:00","c++","3487"
"2021-07-01 00:00:00","delphi","140"
"2021-07-01 00:00:00","go","603"
"2021-07-01 00:00:00","java","6934"
"2021-07-01 00:00:00","javascript","14742"
"2021-07-01 00:00:00","perl","138"
"2021-07-01 00:00:00","php","3868"
"2021-07-01 00:00:00","python","20539"
"2021-07-01 00:00:00","r","4041"
"2021-07-01 00:00:00","ruby","445"
"2021-07-01 00:00:00","swift","1963"
"2021-08-01 00:00:00","assembly","161"
"2021-08-01 00:00:00","c","1530"
"2021-08-01 00:00:00","c#","5098"
"2021-08-01 00:00:00","c++","3236"
"2021-08-01 00:00:00","delphi","136"
"2021-08-01 00:00:00","go","745"
"2021-08-01 00:00:00","java","6739"
"2021-08-01 00:00:00","javascript","14610"
"2021-08-01 00:00:00","perl","118"
"2021-08-01 00:00:00","php","3847"
"2021-08-01 00:00:00","python","19787"
"2021-08-01 00:00:00","r","4032"
"2021-08-01 00:00:00","ruby","445"
"2021-08-01 00:00:00","swift","1888"
"2021-09-01 00:00:00","assembly","192"
"2021-09-01 00:00:00","c","1701"
"2021-09-01 00:00:00","c#","5044"
"2021-09-01 00:00:00","c++","3586"
"2021-09-01 00:00:00","delphi","134"
"2021-09-01 00:00:00","go","620"
"2021-09-01 00:00:00","java","6592"
"2021-09-01 00:00:00","javascript","14392"
"2021-09-01 00:00:00","perl","113"
"2021-09-01 00:00:00","php","3665"
"2021-09-01 00:00:00","python","18974"
"2021-09-01 00:00:00","r","3899"
"2021-09-01 00:00:00","ruby","445"
"2021-09-01 00:00:00","swift","1617"
"2021-10-01 00:00:00","assembly","203"
"2021-10-01 00:00:00","c","2088"
"2021-10-01 00:00:00","c#","5275"
"2021-10-01 00:00:00","c++","3711"
"2021-10-01 00:00:00","delphi","143"
"2021-10-01 00:00:00","go","699"
"2021-10-01 00:00:00","java","6553"
"2021-10-01 00:00:00","javascript","13814"
"2021-10-01 00:00:00","perl","127"
"2021-10-01 00:00:00","php","3570"
"2021-10-01 00:00:00","python","19760"
"2021-10-01 00:00:00","r","4172"
"2021-10-01 00:00:00","ruby","414"
"2021-10-01 00:00:00","swift","1564"
"2021-11-01 00:00:00","assembly","287"
"2021-11-01 00:00:00","c","2205"
"2021-11-01 00:00:00","c#","5584"
"2021-11-01 00:00:00","c++","3809"
"2021-11-01 00:00:00","delphi","140"
"2021-11-01 00:00:00","go","651"
"2021-11-01 00:00:00","java","6898"
"2021-11-01 00:00:00","javascript","13462"
"2021-11-01 00:00:00","perl","78"
"2021-11-01 00:00:00","php","3476"
"2021-11-01 00:00:00","python","20013"
"2021-11-01 00:00:00","r","4026"
"2021-11-01 00:00:00","ruby","393"
"2021-11-01 00:00:00","swift","1531"
"2021-12-01 00:00:00","assembly","266"
"2021-12-01 00:00:00","c","2099"
"2021-12-01 00:00:00","c#","5023"
"2021-12-01 00:00:00","c++","3565"
"2021-12-01 00:00:00","delphi","143"
"2021-12-01 00:00:00","go","722"
"2021-12-01 00:00:00","java","6171"
"2021-12-01 00:00:00","javascript","13074"
"2021-12-01 00:00:00","perl","103"
"2021-12-01 00:00:00","php","3230"
"2021-12-01 00:00:00","python","19004"
"2021-12-01 00:00:00","r","3538"
"2021-12-01 00:00:00","ruby","372"
"2021-12-01 00:00:00","swift","1420"
"2022-01-01 00:00:00","assembly","228"
"2022-01-01 00:00:00","c","1952"
"2022-01-01 00:00:00","c#","5262"
"2022-01-01 00:00:00","c++","3610"
"2022-01-01 00:00:00","delphi","134"
"2022-01-01 00:00:00","go","739"
"2022-01-01 00:00:00","java","6435"
"2022-01-01 00:00:00","javascript","13955"
"2022-01-01 00:00:00","perl","127"
"2022-01-01 00:00:00","php","3375"
"2022-01-01 00:00:00","python","19670"
"2022-01-01 00:00:00","r","3841"
"2022-01-01 00:00:00","ruby","443"
"2022-01-01 00:00:00","swift","1729"
"2022-02-01 00:00:00","assembly","214"
"2022-02-01 00:00:00","c","1677"
"2022-02-01 00:00:00","c#","5089"
"2022-02-01 00:00:00","c++","3192"
"2022-02-01 00:00:00","delphi","166"
"2022-02-01 00:00:00","go","645"
"2022-02-01 00:00:00","java","5918"
"2022-02-01 00:00:00","javascript","12804"
"2022-02-01 00:00:00","perl","96"
"2022-02-01 00:00:00","php","3101"
"2022-02-01 00:00:00","python","19227"
"2022-02-01 00:00:00","r","3910"
"2022-02-01 00:00:00","ruby","404"
"2022-02-01 00:00:00","swift","1600"
"2022-03-01 00:00:00","assembly","233"
"2022-03-01 00:00:00","c","1948"
"2022-03-01 00:00:00","c#","5673"
"2022-03-01 00:00:00","c++","3503"
"2022-03-01 00:00:00","delphi","120"
"2022-03-01 00:00:00","go","758"
"2022-03-01 00:00:00","java","6570"
"2022-03-01 00:00:00","javascript","13588"
"2022-03-01 00:00:00","perl","103"
"2022-03-01 00:00:00","php","3112"
"2022-03-01 00:00:00","python","20724"
"2022-03-01 00:00:00","r","4483"
"2022-03-01 00:00:00","ruby","444"
"2022-03-01 00:00:00","swift","1744"
"2022-04-01 00:00:00","assembly","246"
"2022-04-01 00:00:00","c","1743"
"2022-04-01 00:00:00","c#","5200"
"2022-04-01 00:00:00","c++","3484"
"2022-04-01 00:00:00","delphi","113"
"2022-04-01 00:00:00","go","716"
"2022-04-01 00:00:00","java","6371"
"2022-04-01 00:00:00","javascript","13482"
"2022-04-01 00:00:00","perl","100"
"2022-04-01 00:00:00","php","3176"
"2022-04-01 00:00:00","python","19839"
"2022-04-01 00:00:00","r","4176"
"2022-04-01 00:00:00","ruby","431"
"2022-04-01 00:00:00","swift","1451"
"2022-05-01 00:00:00","assembly","258"
"2022-05-01 00:00:00","c","1765"
"2022-05-01 00:00:00","c#","5491"
"2022-05-01 00:00:00","c++","3534"
"2022-05-01 00:00:00","delphi","119"
"2022-05-01 00:00:00","go","607"
"2022-05-01 00:00:00","java","6477"
"2022-05-01 00:00:00","javascript","13322"
"2022-05-01 00:00:00","perl","91"
"2022-05-01 00:00:00","php","3362"
"2022-05-01 00:00:00","python","19406"
"2022-05-01 00:00:00","r","4135"
"2022-05-01 00:00:00","ruby","437"
"2022-05-01 00:00:00","swift","1466"
"2022-06-01 00:00:00","assembly","239"
"2022-06-01 00:00:00","c","1563"
"2022-06-01 00:00:00","c#","5304"
"2022-06-01 00:00:00","c++","3085"
"2022-06-01 00:00:00","delphi","110"
"2022-06-01 00:00:00","go","679"
"2022-06-01 00:00:00","java","5715"
"2022-06-01 00:00:00","javascript","12642"
"2022-06-01 00:00:00","perl","123"
"2022-06-01 00:00:00","php","3183"
"2022-06-01 00:00:00","python","18772"
"2022-06-01 00:00:00","r","3888"
"2022-06-01 00:00:00","ruby","427"
"2022-06-01 00:00:00","swift","1514"
"2022-07-01 00:00:00","assembly","203"
"2022-07-01 00:00:00","c","1385"
"2022-07-01 00:00:00","c#","5225"
"2022-07-01 00:00:00","c++","2996"
"2022-07-01 00:00:00","delphi","116"
"2022-07-01 00:00:00","go","686"
"2022-07-01 00:00:00","java","5404"
"2022-07-01 00:00:00","javascript","12758"
"2022-07-01 00:00:00","perl","126"
"2022-07-01 00:00:00","php","3092"
"2022-07-01 00:00:00","python","19041"
"2022-07-01 00:00:00","r","3665"
"2022-07-01 00:00:00","ruby","405"
"2022-07-01 00:00:00","swift","1468"
"2022-08-01 00:00:00","assembly","161"
"2022-08-01 00:00:00","c","1434"
"2022-08-01 00:00:00","c#","5492"
"2022-08-01 00:00:00","c++","2959"
"2022-08-01 00:00:00","delphi","117"
"2022-08-01 00:00:00","go","794"
"2022-08-01 00:00:00","java","5315"
"2022-08-01 00:00:00","javascript","13080"
"2022-08-01 00:00:00","perl","117"
"2022-08-01 00:00:00","php","3107"
"2022-08-01 00:00:00","python","18678"
"2022-08-01 00:00:00","r","3784"
"2022-08-01 00:00:00","ruby","424"
"2022-08-01 00:00:00","swift","1484"
"2022-09-01 00:00:00","assembly","173"
"2022-09-01 00:00:00","c","1552"
"2022-09-01 00:00:00","c#","4995"
"2022-09-01 00:00:00","c++","2780"
"2022-09-01 00:00:00","delphi","132"
"2022-09-01 00:00:00","go","786"
"2022-09-01 00:00:00","java","5046"
"2022-09-01 00:00:00","javascript","11898"
"2022-09-01 00:00:00","perl","82"
"2022-09-01 00:00:00","php","2830"
"2022-09-01 00:00:00","python","17077"
"2022-09-01 00:00:00","r","3540"
"2022-09-01 00:00:00","ruby","401"
"2022-09-01 00:00:00","swift","1497"
"2022-10-01 00:00:00","assembly","226"
"2022-10-01 00:00:00","c","1895"
"2022-10-01 00:00:00","c#","5043"
"2022-10-01 00:00:00","c++","2932"
"2022-10-01 00:00:00","delphi","137"
"2022-10-01 00:00:00","go","692"
"2022-10-01 00:00:00","java","5301"
"2022-10-01 00:00:00","javascript","11677"
"2022-10-01 00:00:00","perl","81"
"2022-10-01 00:00:00","php","2757"
"2022-10-01 00:00:00","python","18534"
"2022-10-01 00:00:00","r","3912"
"2022-10-01 00:00:00","ruby","373"
"2022-10-01 00:00:00","swift","1327"
"2022-11-01 00:00:00","assembly","270"
"2022-11-01 00:00:00","c","2010"
"2022-11-01 00:00:00","c#","5182"
"2022-11-01 00:00:00","c++","2974"
"2022-11-01 00:00:00","delphi","107"
"2022-11-01 00:00:00","go","700"
"2022-11-01 00:00:00","java","5418"
"2022-11-01 00:00:00","javascript","11775"
"2022-11-01 00:00:00","perl","107"
"2022-11-01 00:00:00","php","2785"
"2022-11-01 00:00:00","python","18884"
"2022-11-01 00:00:00","r","4004"
"2022-11-01 00:00:00","ruby","414"
"2022-11-01 00:00:00","swift","1437"
"2022-12-01 00:00:00","assembly","263"
"2022-12-01 00:00:00","c","1728"
"2022-12-01 00:00:00","c#","4669"
"2022-12-01 00:00:00","c++","2621"
"2022-12-01 00:00:00","delphi","81"
"2022-12-01 00:00:00","go","601"
"2022-12-01 00:00:00","java","4814"
"2022-12-01 00:00:00","javascript","10326"
"2022-12-01 00:00:00","perl","94"
"2022-12-01 00:00:00","php","2359"
"2022-12-01 00:00:00","python","15891"
"2022-12-01 00:00:00","r","3217"
"2022-12-01 00:00:00","ruby","344"
"2022-12-01 00:00:00","swift","1232"
"2023-01-01 00:00:00","assembly","231"
"2023-01-01 00:00:00","c","1445"
"2023-01-01 00:00:00","c#","4723"
"2023-01-01 00:00:00","c++","2425"
"2023-01-01 00:00:00","delphi","108"
"2023-01-01 00:00:00","go","693"
"2023-01-01 00:00:00","java","4721"
"2023-01-01 00:00:00","javascript","10096"
"2023-01-01 00:00:00","perl","72"
"2023-01-01 00:00:00","php","2542"
"2023-01-01 00:00:00","python","15051"
"2023-01-01 00:00:00","r","3258"
"2023-01-01 00:00:00","ruby","327"
"2023-01-01 00:00:00","swift","1207"
"2023-02-01 00:00:00","assembly","188"
"2023-02-01 00:00:00","c","1294"
"2023-02-01 00:00:00","c#","4681"
"2023-02-01 00:00:00","c++","2189"
"2023-02-01 00:00:00","delphi","133"
"2023-02-01 00:00:00","go","649"
"2023-02-01 00:00:00","java","5077"
"2023-02-01 00:00:00","javascript","10223"
"2023-02-01 00:00:00","perl","79"
"2023-02-01 00:00:00","php","2373"
"2023-02-01 00:00:00","python","15371"
"2023-02-01 00:00:00","r","3740"
"2023-02-01 00:00:00","ruby","333"
"2023-02-01 00:00:00","swift","1256"
"2023-03-01 00:00:00","assembly","177"
"2023-03-01 00:00:00","c","1259"
"2023-03-01 00:00:00","c#","4885"
"2023-03-01 00:00:00","c++","2556"
"2023-03-01 00:00:00","delphi","142"
"2023-03-01 00:00:00","go","633"
"2023-03-01 00:00:00","java","5506"
"2023-03-01 00:00:00","javascript","10486"
"2023-03-01 00:00:00","perl","95"
"2023-03-01 00:00:00","php","2267"
"2023-03-01 00:00:00","python","15436"
"2023-03-01 00:00:00","r","3821"
"2023-03-01 00:00:00","ruby","300"
"2023-03-01 00:00:00","swift","1352"
"2023-04-01 00:00:00","assembly","194"
"2023-04-01 00:00:00","c","1185"
"2023-04-01 00:00:00","c#","3825"
"2023-04-01 00:00:00","c++","1958"
"2023-04-01 00:00:00","delphi","121"
"2023-04-01 00:00:00","go","509"
"2023-04-01 00:00:00","java","4454"
"2023-04-01 00:00:00","javascript","8267"
"2023-04-01 00:00:00","perl","56"
"2023-04-01 00:00:00","php","1919"
"2023-04-01 00:00:00","python","12387"
"2023-04-01 00:00:00","r","3094"
"2023-04-01 00:00:00","ruby","219"
"2023-04-01 00:00:00","swift","1082"
"2023-05-01 00:00:00","assembly","174"
"2023-05-01 00:00:00","c","1047"
"2023-05-01 00:00:00","c#","3812"
"2023-05-01 00:00:00","c++","1775"
"2023-05-01 00:00:00","delphi","114"
"2023-05-01 00:00:00","go","418"
"2023-05-01 00:00:00","java","4161"
"2023-05-01 00:00:00","javascript","7727"
"2023-05-01 00:00:00","perl","54"
"2023-05-01 00:00:00","php","1960"
"2023-05-01 00:00:00","python","11767"
"2023-05-01 00:00:00","r","2859"
"2023-05-01 00:00:00","ruby","254"
"2023-05-01 00:00:00","swift","989"
"2023-06-01 00:00:00","assembly","155"
"2023-06-01 00:00:00","c","885"
"2023-06-01 00:00:00","c#","3792"
"2023-06-01 00:00:00","c++","1805"
"2023-06-01 00:00:00","delphi","117"
"2023-06-01 00:00:00","go","518"
"2023-06-01 00:00:00","java","4271"
"2023-06-01 00:00:00","javascript","7485"
"2023-06-01 00:00:00","perl","54"
"2023-06-01 00:00:00","php","1889"
"2023-06-01 00:00:00","python","11222"
"2023-06-01 00:00:00","r","2657"
"2023-06-01 00:00:00","ruby","226"
"2023-06-01 00:00:00","swift","1124"
"2023-07-01 00:00:00","assembly","161"
"2023-07-01 00:00:00","c","913"
"2023-07-01 00:00:00","c#","3864"
"2023-07-01 00:00:00","c++","1846"
"2023-07-01 00:00:00","delphi","99"
"2023-07-01 00:00:00","go","522"
"2023-07-01 00:00:00","java","4049"
"2023-07-01 00:00:00","javascript","7506"
"2023-07-01 00:00:00","perl","68"
"2023-07-01 00:00:00","php","1727"
"2023-07-01 00:00:00","python","11093"
"2023-07-01 00:00:00","r","2359"
"2023-07-01 00:00:00","ruby","224"
"2023-07-01 00:00:00","swift","1149"
"2023-08-01 00:00:00","assembly","143"
"2023-08-01 00:00:00","c","859"
"2023-08-01 00:00:00","c#","3643"
"2023-08-01 00:00:00","c++","1667"
"2023-08-01 00:00:00","delphi","106"
"2023-08-01 00:00:00","go","492"
"2023-08-01 00:00:00","java","3823"
"2023-08-01 00:00:00","javascript","6757"
"2023-08-01 00:00:00","perl","49"
"2023-08-01 00:00:00","php","1763"
"2023-08-01 00:00:00","python","10216"
"2023-08-01 00:00:00","r","2358"
"2023-08-01 00:00:00","ruby","201"
"2023-08-01 00:00:00","swift","971"
"2023-09-01 00:00:00","assembly","157"
"2023-09-01 00:00:00","c","872"
"2023-09-01 00:00:00","c#","3052"
"2023-09-01 00:00:00","c++","1491"
"2023-09-01 00:00:00","delphi","105"
"2023-09-01 00:00:00","go","424"
"2023-09-01 00:00:00","java","3330"
"2023-09-01 00:00:00","javascript","5700"
"2023-09-01 00:00:00","perl","61"
"2023-09-01 00:00:00","php","1665"
"2023-09-01 00:00:00","python","8623"
"2023-09-01 00:00:00","r","2038"
"2023-09-01 00:00:00","ruby","191"
"2023-09-01 00:00:00","swift","861"
"2023-10-01 00:00:00","assembly","175"
"2023-10-01 00:00:00","c","975"
"2023-10-01 00:00:00","c#","3199"
"2023-10-01 00:00:00","c++","1723"
"2023-10-01 00:00:00","delphi","165"
"2023-10-01 00:00:00","go","423"
"2023-10-01 00:00:00","java","3445"
"2023-10-01 00:00:00","javascript","5500"
"2023-10-01 00:00:00","perl","53"
"2023-10-01 00:00:00","php","1547"
"2023-10-01 00:00:00","python","9056"
"2023-10-01 00:00:00","r","2067"
"2023-10-01 00:00:00","ruby","196"
"2023-10-01 00:00:00","swift","905"
"2023-11-01 00:00:00","assembly","173"
"2023-11-01 00:00:00","c","961"
"2023-11-01 00:00:00","c#","3120"
"2023-11-01 00:00:00","c++","1472"
"2023-11-01 00:00:00","delphi","104"
"2023-11-01 00:00:00","go","411"
"2023-11-01 00:00:00","java","3301"
"2023-11-01 00:00:00","javascript","5230"
"2023-11-01 00:00:00","perl","44"
"2023-11-01 00:00:00","php","1406"
"2023-11-01 00:00:00","python","8521"
"2023-11-01 00:00:00","r","2000"
"2023-11-01 00:00:00","ruby","157"
"2023-11-01 00:00:00","swift","873"
"2023-12-01 00:00:00","assembly","182"
"2023-12-01 00:00:00","c","879"
"2023-12-01 00:00:00","c#","2656"
"2023-12-01 00:00:00","c++","1447"
"2023-12-01 00:00:00","delphi","75"
"2023-12-01 00:00:00","go","328"
"2023-12-01 00:00:00","java","2555"
"2023-12-01 00:00:00","javascript","4810"
"2023-12-01 00:00:00","perl","53"
"2023-12-01 00:00:00","php","1208"
"2023-12-01 00:00:00","python","7042"
"2023-12-01 00:00:00","r","1612"
"2023-12-01 00:00:00","ruby","154"
"2023-12-01 00:00:00","swift","752"
"2024-01-01 00:00:00","assembly","189"
"2024-01-01 00:00:00","c","918"
"2024-01-01 00:00:00","c#","3067"
"2024-01-01 00:00:00","c++","1919"
"2024-01-01 00:00:00","delphi","95"
"2024-01-01 00:00:00","go","405"
"2024-01-01 00:00:00","java","3460"
"2024-01-01 00:00:00","javascript","5884"
"2024-01-01 00:00:00","perl","43"
"2024-01-01 00:00:00","php","1729"
"2024-01-01 00:00:00","python","8926"
"2024-01-01 00:00:00","r","1916"
"2024-01-01 00:00:00","ruby","170"
"2024-01-01 00:00:00","swift","990"